-- drop database UniversityRegistrationDB;

CREATE DATABASE if not exists UniversityRegistrationDB;
USE UniversityRegistrationDB;

CREATE TABLE if not exists Department (
    DepartmentKey int PRIMARY KEY,
    Name VARCHAR(255),
    Chair VARCHAR(255)
);

CREATE TABLE if not exists Registar (
   RegistarID INT PRIMARY KEY,
   PhoneNum TEXT,
   Email VARCHAR(255),
   FirstName VARCHAR(255),
   LastName VARCHAR(255),
   AccessLevel VARCHAR(255)
);

CREATE TABLE if not exists Teacher (
    TeacherId INT PRIMARY KEY,
    FirstName VARCHAR(255),
    LastName VARCHAR(255),
    Email VARCHAR(255),
    DepartmentKey int,
    CONSTRAINT fk1 FOREIGN KEY (DepartmentKey)
        REFERENCES Department(DepartmentKey)
        ON UPDATE CASCADE
        ON DELETE RESTRICT
);

CREATE TABLE if not exists Course (
    CourseID INT PRIMARY KEY,
    Name VARCHAR(255),
    Credit_Hours INT,
    Description TEXT,
    Pre_req INT,
    Teacher_ID INT,
    DepartmentKey int,
    CONSTRAINT fk2 FOREIGN KEY (DepartmentKey) REFERENCES Department(DepartmentKey)
        ON UPDATE CASCADE
        ON DELETE RESTRICT,
    CONSTRAINT fk3 FOREIGN KEY (Teacher_ID)
        REFERENCES Teacher(TeacherID)
        ON UPDATE CASCADE
        ON DELETE RESTRICT,
    CONSTRAINT fk4 FOREIGN KEY (Pre_req)
        REFERENCES Course(CourseID)
        ON UPDATE CASCADE
        ON DELETE RESTRICT
);

create table if not exists Students(
    studentID int primary key,
    firstName varchar(255),
    lastName varchar(255),
    major text
);

create table if not exists Plan(
    planID int,
    studentID int,
    planName varchar(255),
    primary key(planID, studentID),
    foreign key (studentID) references Students(studentID)
);

create table if not exists StudentAcademicRecord(
    recordID int,
    studentID int,
    standing varchar(255),
    creditHours int,
    RegistrationTimeTicket datetime,
    primary key (recordID, studentID),
    foreign key (studentID) references Students(studentID)
);

create table if not exists Feedback(
    feedbackID int,
    studentID int,
    comments text,
    rating int,
    courseID int,
    primary key (feedbackID, studentID),
    foreign key (courseID) references Course(courseID)
);

CREATE TABLE if not exists Advisor (
    Advisor_ID INT NOT NULL,
    FirstName VARCHAR(255),
    LastName VARCHAR(255),
    DepartmentKey VARCHAR(255),
    Colleagues int,
    PRIMARY KEY (Advisor_ID),
    FOREIGN KEY (Colleagues) REFERENCES Advisor(Advisor_ID) ON UPDATE cascade ON DELETE restrict,
    foreign key (colleagues) references Advisor(Advisor_ID) on update cascade on delete restrict
);

create table if not exists DegreeAudit(
    auditID int primary key,
    startTerm varchar(255),
    gradTerm varchar(255),
    status varchar(255),
    advisorID int,
    foreign key (advisorID) references Advisor(advisor_ID)
);

CREATE TABLE if not exists RegistarCourseBridge (
    CourseID INT,
    RegistarID INT,
    primary key(courseiD, registarID),
    CONSTRAINT fk5 FOREIGN KEY (CourseID)
        REFERENCES Course(CourseID)
        ON UPDATE CASCADE
        ON DELETE RESTRICT,
    CONSTRAINT fk6 FOREIGN KEY (RegistarID)
        REFERENCES Registar(RegistarID)
        ON UPDATE CASCADE
        ON DELETE RESTRICT
);

CREATE TABLE if not exists RegistarDepBridge (
    DepartmentKey INT,
    RegistarID INT,
    primary key(departmentKey, registarID),
    CONSTRAINT fk7 FOREIGN KEY (DepartmentKey)
        REFERENCES Department(DepartmentKey)
        ON UPDATE CASCADE
        ON DELETE RESTRICT,
    CONSTRAINT fk8 FOREIGN KEY (RegistarID)
        REFERENCES Registar(RegistarID)
        ON UPDATE CASCADE
        ON DELETE RESTRICT
);
CREATE TABLE if not exists StudentDepartment(
    studentId INTEGER,
    departmentKey INTEGER,
    FOREIGN KEY (studentId) REFERENCES Students(studentID),
    FOREIGN KEY (departmentKey) REFERENCES Department(departmentKey),
    PRIMARY KEY (studentId, departmentKey)
);

CREATE TABLE if not exists Academic_Policies (
    PolicyID INT NOT NULL,
    CourseID INT NOT NULL,
    Title VARCHAR(255),
    Description TEXT,
    EffectiveDate Date,
    PRIMARY KEY(PolicyID),
    FOREIGN KEY(CourseID) REFERENCES Course(CourseID) ON UPDATE cascade ON DELETE restrict
);

CREATE TABLE if not exists Enrollment_Status  (
    StatID INT NOT NULL,
    Total_Enrollment INT,
    Maximum_Capacity INT,
    Waitlist_Total INT,
    CourseID INT NOT NULL,
    PRIMARY KEY (StatID),
    FOREIGN KEY (CourseID) REFERENCES Course(CourseID) ON UPDATE cascade ON DELETE restrict
);

CREATE TABLE if not exists RecordAccess(
    recordId INTEGER,
    advisorId INTEGER,
    FOREIGN KEY (recordId) REFERENCES StudentAcademicRecord(recordId)
        ON UPDATE CASCADE
        ON DELETE RESTRICT,
    FOREIGN KEY (advisorId) REFERENCES Advisor(advisor_Id)
        ON UPDATE CASCADE
        ON DELETE RESTRICT,
    PRIMARY KEY (recordId, advisorId)
);

Create table if not exists StudentsCourse(
    courseID int,
    studentID int,
    primary key(courseID, studentID),
    FOREIGN KEY (CourseID) REFERENCES Course(CourseID) ON UPDATE cascade ON DELETE restrict,
    FOREIGN KEY (studentID) REFERENCES Students(studentID) ON UPDATE cascade ON DELETE restrict
)

-- Department
insert into Department (DepartmentKey, Name, Chair) values (1, 'History202', 'Julee Sealy');
insert into Department (DepartmentKey, Name, Chair) values (2, 'ChemistryLab101', 'Algernon Archbell');
insert into Department (DepartmentKey, Name, Chair) values (3, 'Math101', 'Lissi Gouch');
insert into Department (DepartmentKey, Name, Chair) values (4, 'Math101', 'Maressa Bulgen');
insert into Department (DepartmentKey, Name, Chair) values (5, 'ArtHistory202', 'Giles Limrick');
insert into Department (DepartmentKey, Name, Chair) values (6, 'EnglishLiterature305', 'Tabor Teers');
insert into Department (DepartmentKey, Name, Chair) values (7, 'History202', 'Juliet Ithell');
insert into Department (DepartmentKey, Name, Chair) values (8, 'Math101', 'Marice Yurkiewicz');
insert into Department (DepartmentKey, Name, Chair) values (9, 'EnglishLiterature305', 'Maxine Hambers');
insert into Department (DepartmentKey, Name, Chair) values (10, 'History202', 'Patrice Trimme');
insert into Department (DepartmentKey, Name, Chair) values (11, 'History202', 'Martin Mulvaney');
insert into Department (DepartmentKey, Name, Chair) values (12, 'ArtHistory202', 'Killie Fazan');
insert into Department (DepartmentKey, Name, Chair) values (13, 'History202', 'Bonnee Purseglove');
insert into Department (DepartmentKey, Name, Chair) values (14, 'History202', 'Herbie Deetlof');
insert into Department (DepartmentKey, Name, Chair) values (15, 'ArtHistory202', 'Ban Buxam');
insert into Department (DepartmentKey, Name, Chair) values (16, 'Math101', 'Brnaby Behn');
insert into Department (DepartmentKey, Name, Chair) values (17, 'ChemistryLab101', 'Stacee Taber');
insert into Department (DepartmentKey, Name, Chair) values (18, 'EnglishLiterature305', 'Laverne O''Crevan');
insert into Department (DepartmentKey, Name, Chair) values (19, 'EnglishLiterature305', 'Alyss Sandiford');
insert into Department (DepartmentKey, Name, Chair) values (20, 'EnglishLiterature305', 'Odie Stocker');
insert into Department (DepartmentKey, Name, Chair) values (21, 'Math101', 'Tallie Olohan');
insert into Department (DepartmentKey, Name, Chair) values (22, 'History202', 'Gustavus Apfel');
insert into Department (DepartmentKey, Name, Chair) values (23, 'ArtHistory202', 'Nickolaus Ivanyutin');
insert into Department (DepartmentKey, Name, Chair) values (24, 'ArtHistory202', 'Michell Giacopetti');
insert into Department (DepartmentKey, Name, Chair) values (25, 'History202', 'Alis Tugman');
insert into Department (DepartmentKey, Name, Chair) values (26, 'ChemistryLab101', 'Johannah Macer');
insert into Department (DepartmentKey, Name, Chair) values (27, 'ArtHistory202', 'Jillana Kobpac');
insert into Department (DepartmentKey, Name, Chair) values (28, 'Math101', 'Thalia Whisby');
insert into Department (DepartmentKey, Name, Chair) values (29, 'ChemistryLab101', 'Faustina Springtorp');
insert into Department (DepartmentKey, Name, Chair) values (30, 'ChemistryLab101', 'Aimil De Giorgi');
insert into Department (DepartmentKey, Name, Chair) values (31, 'Math101', 'Roscoe Millyard');
insert into Department (DepartmentKey, Name, Chair) values (32, 'EnglishLiterature305', 'Ileane Clawsley');
insert into Department (DepartmentKey, Name, Chair) values (33, 'History202', 'Ronnie Syratt');
insert into Department (DepartmentKey, Name, Chair) values (34, 'Math101', 'Penelopa Culligan');
insert into Department (DepartmentKey, Name, Chair) values (35, 'Math101', 'North Dibdale');
insert into Department (DepartmentKey, Name, Chair) values (36, 'ArtHistory202', 'Margeaux Wolstenholme');
insert into Department (DepartmentKey, Name, Chair) values (37, 'Math101', 'Buddie Hunnam');
insert into Department (DepartmentKey, Name, Chair) values (38, 'History202', 'Chrystel Crebo');
insert into Department (DepartmentKey, Name, Chair) values (39, 'Math101', 'Abbey Rotte');
insert into Department (DepartmentKey, Name, Chair) values (40, 'History202', 'Dorice Haddacks');
insert into Department (DepartmentKey, Name, Chair) values (41, 'History202', 'Jerrylee Sopper');
insert into Department (DepartmentKey, Name, Chair) values (42, 'EnglishLiterature305', 'Carmelle Ciciari');
insert into Department (DepartmentKey, Name, Chair) values (43, 'ChemistryLab101', 'Olly Karpf');
insert into Department (DepartmentKey, Name, Chair) values (44, 'EnglishLiterature305', 'Rivy Geill');
insert into Department (DepartmentKey, Name, Chair) values (45, 'ChemistryLab101', 'Devinne Sheach');
insert into Department (DepartmentKey, Name, Chair) values (46, 'Math101', 'Helga Normavell');
insert into Department (DepartmentKey, Name, Chair) values (47, 'EnglishLiterature305', 'Maren Perrigo');
insert into Department (DepartmentKey, Name, Chair) values (48, 'EnglishLiterature305', 'Catlin Morena');
insert into Department (DepartmentKey, Name, Chair) values (49, 'ChemistryLab101', 'Melanie Challes');
insert into Department (DepartmentKey, Name, Chair) values (50, 'EnglishLiterature305', 'Morley Paxton');
insert into Department (DepartmentKey, Name, Chair) values (51, 'ChemistryLab101', 'Kaylee L''Archer');
insert into Department (DepartmentKey, Name, Chair) values (52, 'EnglishLiterature305', 'Merwin Gadson');
insert into Department (DepartmentKey, Name, Chair) values (53, 'ArtHistory202', 'Corabella Kneesha');
insert into Department (DepartmentKey, Name, Chair) values (54, 'ChemistryLab101', 'Feodora Thring');
insert into Department (DepartmentKey, Name, Chair) values (55, 'EnglishLiterature305', 'Malachi Bessant');
insert into Department (DepartmentKey, Name, Chair) values (56, 'ChemistryLab101', 'Maribelle Auchinleck');
insert into Department (DepartmentKey, Name, Chair) values (57, 'Math101', 'Scott Pikhno');
insert into Department (DepartmentKey, Name, Chair) values (58, 'History202', 'Kendra Geraudel');
insert into Department (DepartmentKey, Name, Chair) values (59, 'Math101', 'Moyna Simenot');
insert into Department (DepartmentKey, Name, Chair) values (60, 'ChemistryLab101', 'Allys Zipsell');

-- registar
insert into Registar (RegistarID, PhoneNum, email, FirstName, LastName, AccessLevel) values (1, '543-241-5526', 'saylmore0@hostgator.com', 'Sapphire', 'Aylmore', 'admin');
insert into Registar (RegistarID, PhoneNum, email, FirstName, LastName, AccessLevel) values (2, '585-835-8738', 'llinbohm1@home.pl', 'Lucina', 'Linbohm', 'admin');
insert into Registar (RegistarID, PhoneNum, email, FirstName, LastName, AccessLevel) values (3, '174-151-1472', 'uhealings2@mit.edu', 'Uta', 'Healings', 'user');
insert into Registar (RegistarID, PhoneNum, email, FirstName, LastName, AccessLevel) values (4, '132-436-6532', 'ashevell3@cafepress.com', 'Artemis', 'Shevell', 'admin');
insert into Registar (RegistarID, PhoneNum, email, FirstName, LastName, AccessLevel) values (5, '518-635-5967', 'jmartinelli4@google.co.jp', 'Javier', 'Martinelli', 'user');
insert into Registar (RegistarID, PhoneNum, email, FirstName, LastName, AccessLevel) values (6, '162-133-1212', 'mhollyar5@unblog.fr', 'Mallorie', 'Hollyar', 'user');
insert into Registar (RegistarID, PhoneNum, email, FirstName, LastName, AccessLevel) values (7, '227-734-7740', 'cklaes6@ustream.tv', 'Charis', 'Klaes', 'user');
insert into Registar (RegistarID, PhoneNum, email, FirstName, LastName, AccessLevel) values (8, '271-708-7594', 'msandham7@a8.net', 'Mattie', 'Sandham', 'admin');
insert into Registar (RegistarID, PhoneNum, email, FirstName, LastName, AccessLevel) values (9, '275-588-1410', 'mmulrooney8@mtv.com', 'Melany', 'Mulrooney', 'admin');
insert into Registar (RegistarID, PhoneNum, email, FirstName, LastName, AccessLevel) values (10, '492-255-9300', 'dstacey9@sun.com', 'Derek', 'Stacey', 'user');
insert into Registar (RegistarID, PhoneNum, email, FirstName, LastName, AccessLevel) values (11, '809-715-7666', 'hhiskeya@senate.gov', 'Halsey', 'Hiskey', 'user');
insert into Registar (RegistarID, PhoneNum, email, FirstName, LastName, AccessLevel) values (12, '892-503-1581', 'delwardb@mapy.cz', 'Daisi', 'Elward', 'admin');
insert into Registar (RegistarID, PhoneNum, email, FirstName, LastName, AccessLevel) values (13, '139-151-2260', 'alittlefairc@marriott.com', 'Amber', 'Littlefair', 'user');
insert into Registar (RegistarID, PhoneNum, email, FirstName, LastName, AccessLevel) values (14, '972-796-6733', 'mellerbyd@unicef.org', 'Melamie', 'Ellerby', 'admin');
insert into Registar (RegistarID, PhoneNum, email, FirstName, LastName, AccessLevel) values (15, '606-145-4419', 'apaceye@yahoo.co.jp', 'Aleece', 'Pacey', 'user');
insert into Registar (RegistarID, PhoneNum, email, FirstName, LastName, AccessLevel) values (16, '210-147-4320', 'cwistancef@mlb.com', 'Chad', 'Wistance', 'user');
insert into Registar (RegistarID, PhoneNum, email, FirstName, LastName, AccessLevel) values (17, '554-566-7365', 'nbimsg@smh.com.au', 'Nomi', 'Bims', 'user');
insert into Registar (RegistarID, PhoneNum, email, FirstName, LastName, AccessLevel) values (18, '953-135-7549', 'sprimroseh@samsung.com', 'Sheffield', 'Primrose', 'admin');
insert into Registar (RegistarID, PhoneNum, email, FirstName, LastName, AccessLevel) values (19, '887-110-2566', 'kwittyi@si.edu', 'Kelley', 'Witty', 'admin');
insert into Registar (RegistarID, PhoneNum, email, FirstName, LastName, AccessLevel) values (20, '865-314-5230', 'adelacij@pinterest.com', 'Augustine', 'De Laci', 'user');
insert into Registar (RegistarID, PhoneNum, email, FirstName, LastName, AccessLevel) values (21, '334-591-1337', 'tcabblek@nyu.edu', 'Tania', 'Cabble', 'admin');
insert into Registar (RegistarID, PhoneNum, email, FirstName, LastName, AccessLevel) values (22, '571-106-2142', 'crosettil@vimeo.com', 'Corette', 'Rosetti', 'user');
insert into Registar (RegistarID, PhoneNum, email, FirstName, LastName, AccessLevel) values (23, '454-179-3055', 'bdarkerm@trellian.com', 'Bar', 'Darker', 'admin');
insert into Registar (RegistarID, PhoneNum, email, FirstName, LastName, AccessLevel) values (24, '929-430-0945', 'sgreevesonn@ucla.edu', 'Sayre', 'Greeveson', 'user');
insert into Registar (RegistarID, PhoneNum, email, FirstName, LastName, AccessLevel) values (25, '250-513-4835', 'lcorlesso@flavors.me', 'Lisha', 'Corless', 'admin');
insert into Registar (RegistarID, PhoneNum, email, FirstName, LastName, AccessLevel) values (26, '920-317-4717', 'aconnewp@google.cn', 'Abram', 'Connew', 'user');
insert into Registar (RegistarID, PhoneNum, email, FirstName, LastName, AccessLevel) values (27, '885-942-1141', 'ccrinionq@oaic.gov.au', 'Cacilia', 'Crinion', 'user');
insert into Registar (RegistarID, PhoneNum, email, FirstName, LastName, AccessLevel) values (28, '183-299-4533', 'dgriffithr@kickstarter.com', 'Dotti', 'Griffith', 'user');
insert into Registar (RegistarID, PhoneNum, email, FirstName, LastName, AccessLevel) values (29, '703-956-2906', 'tyitshaks@hud.gov', 'Tamiko', 'Yitshak', 'admin');
insert into Registar (RegistarID, PhoneNum, email, FirstName, LastName, AccessLevel) values (30, '486-251-8200', 'etassellt@de.vu', 'Eric', 'Tassell', 'user');
insert into Registar (RegistarID, PhoneNum, email, FirstName, LastName, AccessLevel) values (31, '909-697-0011', 'lwebberu@shareasale.com', 'Laureen', 'Webber', 'admin');
insert into Registar (RegistarID, PhoneNum, email, FirstName, LastName, AccessLevel) values (32, '798-447-3397', 'malsobrookv@studiopress.com', 'Maddie', 'Alsobrook', 'user');
insert into Registar (RegistarID, PhoneNum, email, FirstName, LastName, AccessLevel) values (33, '807-363-3194', 'kbarterw@163.com', 'Katey', 'Barter', 'user');
insert into Registar (RegistarID, PhoneNum, email, FirstName, LastName, AccessLevel) values (34, '609-480-0542', 'tesposix@creativecommons.org', 'Terrijo', 'Esposi', 'user');
insert into Registar (RegistarID, PhoneNum, email, FirstName, LastName, AccessLevel) values (35, '912-158-2806', 'bcorkelly@cdbaby.com', 'Boony', 'Corkell', 'admin');
insert into Registar (RegistarID, PhoneNum, email, FirstName, LastName, AccessLevel) values (36, '332-499-9037', 'pollerearnshawz@google.ca', 'Phedra', 'Ollerearnshaw', 'admin');
insert into Registar (RegistarID, PhoneNum, email, FirstName, LastName, AccessLevel) values (37, '716-515-7281', 'vvashchenko10@google.es', 'Vanny', 'Vashchenko', 'admin');
insert into Registar (RegistarID, PhoneNum, email, FirstName, LastName, AccessLevel) values (38, '802-314-3361', 'mbineham11@eepurl.com', 'Moyra', 'Bineham', 'admin');
insert into Registar (RegistarID, PhoneNum, email, FirstName, LastName, AccessLevel) values (39, '570-418-2131', 'sseven12@opera.com', 'Sarena', 'Seven', 'user');
insert into Registar (RegistarID, PhoneNum, email, FirstName, LastName, AccessLevel) values (40, '172-992-6676', 'jpreddle13@xing.com', 'Jennilee', 'Preddle', 'user');
insert into Registar (RegistarID, PhoneNum, email, FirstName, LastName, AccessLevel) values (41, '123-194-8012', 'tnurny14@usa.gov', 'Thain', 'Nurny', 'admin');
insert into Registar (RegistarID, PhoneNum, email, FirstName, LastName, AccessLevel) values (42, '397-399-6898', 'ttew15@goo.ne.jp', 'Tova', 'Tew', 'user');
insert into Registar (RegistarID, PhoneNum, email, FirstName, LastName, AccessLevel) values (43, '592-784-7490', 'vdalziel16@epa.gov', 'Velvet', 'Dalziel', 'user');
insert into Registar (RegistarID, PhoneNum, email, FirstName, LastName, AccessLevel) values (44, '847-909-6612', 'hpurcer17@bloglines.com', 'Harrietta', 'Purcer', 'user');
insert into Registar (RegistarID, PhoneNum, email, FirstName, LastName, AccessLevel) values (45, '438-906-2803', 'cpoplee18@theguardian.com', 'Christoph', 'Poplee', 'admin');
insert into Registar (RegistarID, PhoneNum, email, FirstName, LastName, AccessLevel) values (46, '561-109-6169', 'mtrott19@1688.com', 'Milton', 'Trott', 'admin');
insert into Registar (RegistarID, PhoneNum, email, FirstName, LastName, AccessLevel) values (47, '370-607-4995', 'gmoger1a@list-manage.com', 'Guillema', 'Moger', 'user');
insert into Registar (RegistarID, PhoneNum, email, FirstName, LastName, AccessLevel) values (48, '268-485-5074', 'fhaddon1b@is.gd', 'Fawnia', 'Haddon', 'user');
insert into Registar (RegistarID, PhoneNum, email, FirstName, LastName, AccessLevel) values (49, '256-351-4586', 'dcuttles1c@hibu.com', 'Donielle', 'Cuttles', 'admin');
insert into Registar (RegistarID, PhoneNum, email, FirstName, LastName, AccessLevel) values (50, '181-487-6722', 'ctertre1d@amazonaws.com', 'Celestyn', 'Tertre', 'user');
insert into Registar (RegistarID, PhoneNum, email, FirstName, LastName, AccessLevel) values (51, '685-314-5397', 'gbatey1e@constantcontact.com', 'Gerta', 'Batey', 'admin');
insert into Registar (RegistarID, PhoneNum, email, FirstName, LastName, AccessLevel) values (52, '892-167-1314', 'pbarradell1f@comsenz.com', 'Penelope', 'Barradell', 'admin');
insert into Registar (RegistarID, PhoneNum, email, FirstName, LastName, AccessLevel) values (53, '617-168-5747', 'vblowers1g@feedburner.com', 'Vidovic', 'Blowers', 'user');
insert into Registar (RegistarID, PhoneNum, email, FirstName, LastName, AccessLevel) values (54, '826-289-7130', 'apaiton1h@freewebs.com', 'Alic', 'Paiton', 'admin');
insert into Registar (RegistarID, PhoneNum, email, FirstName, LastName, AccessLevel) values (55, '965-622-7891', 'cniset1i@bloglines.com', 'Clare', 'Niset', 'user');
insert into Registar (RegistarID, PhoneNum, email, FirstName, LastName, AccessLevel) values (56, '947-836-4810', 'bhunnisett1j@blinklist.com', 'Brander', 'Hunnisett', 'user');
insert into Registar (RegistarID, PhoneNum, email, FirstName, LastName, AccessLevel) values (57, '668-861-2054', 'dmartugin1k@google.com', 'Darryl', 'Martugin', 'user');
insert into Registar (RegistarID, PhoneNum, email, FirstName, LastName, AccessLevel) values (58, '558-903-2836', 'vmolder1l@engadget.com', 'Vergil', 'Molder', 'admin');
insert into Registar (RegistarID, PhoneNum, email, FirstName, LastName, AccessLevel) values (59, '753-609-8853', 'cmoubray1m@chronoengine.com', 'Chip', 'Moubray', 'admin');
insert into Registar (RegistarID, PhoneNum, email, FirstName, LastName, AccessLevel) values (60, '928-990-3493', 'dshilvock1n@goo.gl', 'Di', 'Shilvock', 'user');

-- Teacher
insert into Teacher (Teacherid, FirstName, LastName, email, DepartmentKey) values (1, 'Keary', 'Sutlieff', 'ksutlieff0@netscape.com', '1');
insert into Teacher (Teacherid, FirstName, LastName, email, DepartmentKey) values (2, 'Hilarius', 'Alves', 'halves1@globo.com', '45');
insert into Teacher (Teacherid, FirstName, LastName, email, DepartmentKey) values (3, 'Marta', 'Youd', 'myoud2@wikipedia.org', '4');
insert into Teacher (Teacherid, FirstName, LastName, email, DepartmentKey) values (4, 'Alexine', 'Beumant', 'abeumant3@techcrunch.com', '13');
insert into Teacher (Teacherid, FirstName, LastName, email, DepartmentKey) values (5, 'Bronnie', 'Debold', 'bdebold4@goodreads.com', '56');
insert into Teacher (Teacherid, FirstName, LastName, email, DepartmentKey) values (6, 'Jemie', 'Agney', 'jagney5@php.net', '16');
insert into Teacher (Teacherid, FirstName, LastName, email, DepartmentKey) values (7, 'Currie', 'Ledgley', 'cledgley6@imgur.com', '33');
insert into Teacher (Teacherid, FirstName, LastName, email, DepartmentKey) values (8, 'Darryl', 'Willmont', 'dwillmont7@ft.com', '28');
insert into Teacher (Teacherid, FirstName, LastName, email, DepartmentKey) values (9, 'Jud', 'O''Scanlon', 'joscanlon8@chicagotribune.com', '43');
insert into Teacher (Teacherid, FirstName, LastName, email, DepartmentKey) values (10, 'Therese', 'Qusklay', 'tqusklay9@sogou.com', '32');
insert into Teacher (Teacherid, FirstName, LastName, email, DepartmentKey) values (11, 'Mandi', 'Biaggiotti', 'mbiaggiottia@eepurl.com', '10');
insert into Teacher (Teacherid, FirstName, LastName, email, DepartmentKey) values (12, 'Datha', 'Dryden', 'ddrydenb@walmart.com', '7');
insert into Teacher (Teacherid, FirstName, LastName, email, DepartmentKey) values (13, 'Adrienne', 'O''Noland', 'aonolandc@about.com', '34');
insert into Teacher (Teacherid, FirstName, LastName, email, DepartmentKey) values (14, 'Dennie', 'Casewell', 'dcasewelld@behance.net', '30');
insert into Teacher (Teacherid, FirstName, LastName, email, DepartmentKey) values (15, 'Cookie', 'Dunbabin', 'cdunbabine@sciencedirect.com', '20');
insert into Teacher (Teacherid, FirstName, LastName, email, DepartmentKey) values (16, 'Murdock', 'Fussell', 'mfussellf@opera.com', '5');
insert into Teacher (Teacherid, FirstName, LastName, email, DepartmentKey) values (17, 'Kare', 'Hudspeth', 'khudspethg@tamu.edu', '50');
insert into Teacher (Teacherid, FirstName, LastName, email, DepartmentKey) values (18, 'Mei', 'Stilly', 'mstillyh@scribd.com', '58');
insert into Teacher (Teacherid, FirstName, LastName, email, DepartmentKey) values (19, 'Adriana', 'Camock', 'acamocki@chicagotribune.com', '46');
insert into Teacher (Teacherid, FirstName, LastName, email, DepartmentKey) values (20, 'Elianore', 'Kerrigan', 'ekerriganj@washingtonpost.com', '47');
insert into Teacher (Teacherid, FirstName, LastName, email, DepartmentKey) values (21, 'Richardo', 'Macak', 'rmacakk@goo.gl', '8');
insert into Teacher (Teacherid, FirstName, LastName, email, DepartmentKey) values (22, 'Angelle', 'Kibel', 'akibell@storify.com', '37');
insert into Teacher (Teacherid, FirstName, LastName, email, DepartmentKey) values (23, 'Jermaine', 'Tanti', 'jtantim@e-recht24.de', '12');
insert into Teacher (Teacherid, FirstName, LastName, email, DepartmentKey) values (24, 'Bethena', 'O''Fallone', 'bofallonen@artisteer.com', '48');
insert into Teacher (Teacherid, FirstName, LastName, email, DepartmentKey) values (25, 'Ianthe', 'McGillivrie', 'imcgillivrieo@ebay.com', '27');
insert into Teacher (Teacherid, FirstName, LastName, email, DepartmentKey) values (26, 'Davie', 'Kleinberer', 'dkleinbererp@nba.com', '3');
insert into Teacher (Teacherid, FirstName, LastName, email, DepartmentKey) values (27, 'Verina', 'Twoohy', 'vtwoohyq@purevolume.com', '54');
insert into Teacher (Teacherid, FirstName, LastName, email, DepartmentKey) values (28, 'Udall', 'Corteney', 'ucorteneyr@chicagotribune.com', '21');
insert into Teacher (Teacherid, FirstName, LastName, email, DepartmentKey) values (29, 'Jessika', 'McLucky', 'jmcluckys@sohu.com', '11');
insert into Teacher (Teacherid, FirstName, LastName, email, DepartmentKey) values (30, 'Malachi', 'Saylor', 'msaylort@imageshack.us', '42');
insert into Teacher (Teacherid, FirstName, LastName, email, DepartmentKey) values (31, 'Tiphany', 'Coomber', 'tcoomberu@washingtonpost.com', '24');
insert into Teacher (Teacherid, FirstName, LastName, email, DepartmentKey) values (32, 'Mitzi', 'Kelling', 'mkellingv@etsy.com', '40');
insert into Teacher (Teacherid, FirstName, LastName, email, DepartmentKey) values (33, 'Ennis', 'Pudsey', 'epudseyw@aboutads.info', '9');
insert into Teacher (Teacherid, FirstName, LastName, email, DepartmentKey) values (34, 'Batholomew', 'Ferrey', 'bferreyx@ebay.com', '22');
insert into Teacher (Teacherid, FirstName, LastName, email, DepartmentKey) values (35, 'Easter', 'Kobes', 'ekobesy@tinyurl.com', '55');
insert into Teacher (Teacherid, FirstName, LastName, email, DepartmentKey) values (36, 'Gwenette', 'Wilcocke', 'gwilcockez@biglobe.ne.jp', '25');
insert into Teacher (Teacherid, FirstName, LastName, email, DepartmentKey) values (37, 'Isador', 'Hordle', 'ihordle10@miibeian.gov.cn', '44');
insert into Teacher (Teacherid, FirstName, LastName, email, DepartmentKey) values (38, 'Mathilde', 'Coppens', 'mcoppens11@jiathis.com', '41');
insert into Teacher (Teacherid, FirstName, LastName, email, DepartmentKey) values (39, 'Hoebart', 'Gowrie', 'hgowrie12@abc.net.au', '31');
insert into Teacher (Teacherid, FirstName, LastName, email, DepartmentKey) values (40, 'Netta', 'Dell', 'ndell13@ning.com', '18');
insert into Teacher (Teacherid, FirstName, LastName, email, DepartmentKey) values (41, 'Brooke', 'Duddin', 'bduddin14@miibeian.gov.cn', '52');
insert into Teacher (Teacherid, FirstName, LastName, email, DepartmentKey) values (42, 'Orion', 'Scullin', 'oscullin15@adobe.com', '26');
insert into Teacher (Teacherid, FirstName, LastName, email, DepartmentKey) values (43, 'Danielle', 'Shevels', 'dshevels16@imdb.com', '17');
insert into Teacher (Teacherid, FirstName, LastName, email, DepartmentKey) values (44, 'Zenia', 'Forsdyke', 'zforsdyke17@msu.edu', '53');
insert into Teacher (Teacherid, FirstName, LastName, email, DepartmentKey) values (45, 'Karel', 'Hovell', 'khovell18@t-online.de', '60');
insert into Teacher (Teacherid, FirstName, LastName, email, DepartmentKey) values (46, 'Isaac', 'Duny', 'iduny19@yolasite.com', '6');
insert into Teacher (Teacherid, FirstName, LastName, email, DepartmentKey) values (47, 'Shanta', 'Wraighte', 'swraighte1a@flavors.me', '39');
insert into Teacher (Teacherid, FirstName, LastName, email, DepartmentKey) values (48, 'Fabian', 'Hauxby', 'fhauxby1b@europa.eu', '35');
insert into Teacher (Teacherid, FirstName, LastName, email, DepartmentKey) values (49, 'Elston', 'Ucceli', 'eucceli1c@homestead.com', '57');
insert into Teacher (Teacherid, FirstName, LastName, email, DepartmentKey) values (50, 'Jandy', 'Glasby', 'jglasby1d@360.cn', '49');
insert into Teacher (Teacherid, FirstName, LastName, email, DepartmentKey) values (51, 'Cleopatra', 'Roycroft', 'croycroft1e@shutterfly.com', '29');
insert into Teacher (Teacherid, FirstName, LastName, email, DepartmentKey) values (52, 'Buddy', 'Gobeau', 'bgobeau1f@china.com.cn', '15');
insert into Teacher (Teacherid, FirstName, LastName, email, DepartmentKey) values (53, 'Corabelle', 'Crock', 'ccrock1g@cmu.edu', '36');
insert into Teacher (Teacherid, FirstName, LastName, email, DepartmentKey) values (54, 'Astra', 'Oxbury', 'aoxbury1h@auda.org.au', '23');
insert into Teacher (Teacherid, FirstName, LastName, email, DepartmentKey) values (55, 'Marguerite', 'Elvey', 'melvey1i@ft.com', '2');
insert into Teacher (Teacherid, FirstName, LastName, email, DepartmentKey) values (56, 'Ezri', 'Ludman', 'eludman1j@fda.gov', '51');
insert into Teacher (Teacherid, FirstName, LastName, email, DepartmentKey) values (57, 'Giovanna', 'Shear', 'gshear1k@instagram.com', '19');
insert into Teacher (Teacherid, FirstName, LastName, email, DepartmentKey) values (58, 'Kimberley', 'Worsley', 'kworsley1l@wordpress.com', '38');
insert into Teacher (Teacherid, FirstName, LastName, email, DepartmentKey) values (59, 'Rockey', 'Juhruke', 'rjuhruke1m@bravesites.com', '14');
insert into Teacher (Teacherid, FirstName, LastName, email, DepartmentKey) values (60, 'Edy', 'Mapes', 'emapes1n@nps.gov', '59');

-- Course
insert into Course (CourseID, Name, Credit_Hours, Description, Pre_req, Teacher_ID, DepartmentKey) values (1, 'EnglishLiterature305', 1, 'Advanced Class', null, 26, 3);
insert into Course (CourseID, Name, Credit_Hours, Description, Pre_req, Teacher_ID, DepartmentKey) values (2, 'History202', 4, 'Intermediate Class', null, 15, 52);
insert into Course (CourseID, Name, Credit_Hours, Description, Pre_req, Teacher_ID, DepartmentKey) values (3, 'ArtHistory202', 4, 'Intermediate Class', null, 14, 54);
insert into Course (CourseID, Name, Credit_Hours, Description, Pre_req, Teacher_ID, DepartmentKey) values (4, 'ChemistryLab101', 3, 'Master Class', null, 36, 6);
insert into Course (CourseID, Name, Credit_Hours, Description, Pre_req, Teacher_ID, DepartmentKey) values (5, 'Math101', 4, 'Beginner Class', null, 52, 57);
insert into Course (CourseID, Name, Credit_Hours, Description, Pre_req, Teacher_ID, DepartmentKey) values (6, 'Math101', 2, 'Intermediate Class', 5, 1, 42);
insert into Course (CourseID, Name, Credit_Hours, Description, Pre_req, Teacher_ID, DepartmentKey) values (7, 'Math101', 5, 'Master Class', null, 27, 13);
insert into Course (CourseID, Name, Credit_Hours, Description, Pre_req, Teacher_ID, DepartmentKey) values (8, 'EnglishLiterature305', 2, 'Advanced Class', null, 53, 20);
insert into Course (CourseID, Name, Credit_Hours, Description, Pre_req, Teacher_ID, DepartmentKey) values (9, 'Math101', 1, 'Beginner Class', 7, 24, 47);
insert into Course (CourseID, Name, Credit_Hours, Description, Pre_req, Teacher_ID, DepartmentKey) values (10, 'ChemistryLab101', 5, 'Intermediate Class', null, 16, 27);
insert into Course (CourseID, Name, Credit_Hours, Description, Pre_req, Teacher_ID, DepartmentKey) values (11, 'History202', 4, 'Beginner Class', null, 40, 52);
insert into Course (CourseID, Name, Credit_Hours, Description, Pre_req, Teacher_ID, DepartmentKey) values (12, 'History202', 2, 'Intermediate Class', null, 45, 1);
insert into Course (CourseID, Name, Credit_Hours, Description, Pre_req, Teacher_ID, DepartmentKey) values (13, 'ArtHistory202', 4, 'Advanced Class', 8, 7, 6);
insert into Course (CourseID, Name, Credit_Hours, Description, Pre_req, Teacher_ID, DepartmentKey) values (14, 'EnglishLiterature305', 2, 'Master Class', null, 19, 1);
insert into Course (CourseID, Name, Credit_Hours, Description, Pre_req, Teacher_ID, DepartmentKey) values (15, 'Math101', 4, 'Beginner Class', null, 13, 50);
insert into Course (CourseID, Name, Credit_Hours, Description, Pre_req, Teacher_ID, DepartmentKey) values (16, 'ArtHistory202', 2, 'Beginner Class', null, 26, 41);
insert into Course (CourseID, Name, Credit_Hours, Description, Pre_req, Teacher_ID, DepartmentKey) values (17, 'ArtHistory202', 3, 'Advanced Class', null, 8, 10);
insert into Course (CourseID, Name, Credit_Hours, Description, Pre_req, Teacher_ID, DepartmentKey) values (18, 'History202', 5, 'Intermediate Class', null, 14, 24);
insert into Course (CourseID, Name, Credit_Hours, Description, Pre_req, Teacher_ID, DepartmentKey) values (19, 'Math101', 3, 'Advanced Class', null, 38, 54);
insert into Course (CourseID, Name, Credit_Hours, Description, Pre_req, Teacher_ID, DepartmentKey) values (20, 'Math101', 4, 'Advanced Class', null, 34, 18);
insert into Course (CourseID, Name, Credit_Hours, Description, Pre_req, Teacher_ID, DepartmentKey) values (21, 'History202', 4, 'Master Class', null, 58, 11);
insert into Course (CourseID, Name, Credit_Hours, Description, Pre_req, Teacher_ID, DepartmentKey) values (22, 'History202', 2, 'Intermediate Class', null, 15, 32);
insert into Course (CourseID, Name, Credit_Hours, Description, Pre_req, Teacher_ID, DepartmentKey) values (23, 'ChemistryLab101', 1, 'Advanced Class', null, 32, 22);
insert into Course (CourseID, Name, Credit_Hours, Description, Pre_req, Teacher_ID, DepartmentKey) values (24, 'ArtHistory202', 4, 'Intermediate Class', 9, 6, 19);
insert into Course (CourseID, Name, Credit_Hours, Description, Pre_req, Teacher_ID, DepartmentKey) values (25, 'ArtHistory202', 1, 'Intermediate Class', null, 57, 18);
insert into Course (CourseID, Name, Credit_Hours, Description, Pre_req, Teacher_ID, DepartmentKey) values (26, 'ChemistryLab101', 4, 'Advanced Class', null, 1, 16);
insert into Course (CourseID, Name, Credit_Hours, Description, Pre_req, Teacher_ID, DepartmentKey) values (27, 'Math101', 2, 'Advanced Class', null, 6, 44);
insert into Course (CourseID, Name, Credit_Hours, Description, Pre_req, Teacher_ID, DepartmentKey) values (28, 'Math101', 2, 'Advanced Class', null, 49, 25);
insert into Course (CourseID, Name, Credit_Hours, Description, Pre_req, Teacher_ID, DepartmentKey) values (29, 'History202', 5, 'Master Class', null, 42, 10);
insert into Course (CourseID, Name, Credit_Hours, Description, Pre_req, Teacher_ID, DepartmentKey) values (30, 'ChemistryLab101', 1, 'Beginner Class', null, 20, 31);
insert into Course (CourseID, Name, Credit_Hours, Description, Pre_req, Teacher_ID, DepartmentKey) values (31, 'Math101', 1, 'Intermediate Class', null, 3, 12);
insert into Course (CourseID, Name, Credit_Hours, Description, Pre_req, Teacher_ID, DepartmentKey) values (32, 'History202', 1, 'Intermediate Class', null, 53, 22);
insert into Course (CourseID, Name, Credit_Hours, Description, Pre_req, Teacher_ID, DepartmentKey) values (33, 'ChemistryLab101', 1, 'Intermediate Class', null, 26, 9);
insert into Course (CourseID, Name, Credit_Hours, Description, Pre_req, Teacher_ID, DepartmentKey) values (34, 'History202', 2, 'Intermediate Class', null, 38, 24);
insert into Course (CourseID, Name, Credit_Hours, Description, Pre_req, Teacher_ID, DepartmentKey) values (35, 'EnglishLiterature305', 1, 'Beginner Class', null, 10, 34);
insert into Course (CourseID, Name, Credit_Hours, Description, Pre_req, Teacher_ID, DepartmentKey) values (36, 'History202', 3, 'Beginner Class', null, 42, 47);
insert into Course (CourseID, Name, Credit_Hours, Description, Pre_req, Teacher_ID, DepartmentKey) values (37, 'History202', 1, 'Intermediate Class', null, 25, 4);
insert into Course (CourseID, Name, Credit_Hours, Description, Pre_req, Teacher_ID, DepartmentKey) values (38, 'EnglishLiterature305', 4, 'Advanced Class', null, 36, 2);
insert into Course (CourseID, Name, Credit_Hours, Description, Pre_req, Teacher_ID, DepartmentKey) values (39, 'EnglishLiterature305', 5, 'Intermediate Class', null, 53, 43);
insert into Course (CourseID, Name, Credit_Hours, Description, Pre_req, Teacher_ID, DepartmentKey) values (40, 'History202', 2, 'Advanced Class', null, 21, 38);
insert into Course (CourseID, Name, Credit_Hours, Description, Pre_req, Teacher_ID, DepartmentKey) values (41, 'ChemistryLab101', 3, 'Beginner Class', null, 6, 14);
insert into Course (CourseID, Name, Credit_Hours, Description, Pre_req, Teacher_ID, DepartmentKey) values (42, 'ChemistryLab101', 3, 'Master Class', null, 25, 36);
insert into Course (CourseID, Name, Credit_Hours, Description, Pre_req, Teacher_ID, DepartmentKey) values (43, 'Math101', 2, 'Master Class', null, 28, 44);
insert into Course (CourseID, Name, Credit_Hours, Description, Pre_req, Teacher_ID, DepartmentKey) values (44, 'Math101', 4, 'Advanced Class', '10', 15, 14);
insert into Course (CourseID, Name, Credit_Hours, Description, Pre_req, Teacher_ID, DepartmentKey) values (45, 'ChemistryLab101', 2, 'Intermediate Class', '11', 45, 60);
insert into Course (CourseID, Name, Credit_Hours, Description, Pre_req, Teacher_ID, DepartmentKey) values (46, 'Math101', 3, 'Intermediate Class', null, 54, 35);
insert into Course (CourseID, Name, Credit_Hours, Description, Pre_req, Teacher_ID, DepartmentKey) values (47, 'ChemistryLab101', 1, 'Beginner Class', null, 28, 28);
insert into Course (CourseID, Name, Credit_Hours, Description, Pre_req, Teacher_ID, DepartmentKey) values (48, 'ChemistryLab101', 1, 'Advanced Class', null, 13, 22);
insert into Course (CourseID, Name, Credit_Hours, Description, Pre_req, Teacher_ID, DepartmentKey) values (49, 'ChemistryLab101', 2, 'Beginner Class', null, 52, 26);
insert into Course (CourseID, Name, Credit_Hours, Description, Pre_req, Teacher_ID, DepartmentKey) values (50, 'History202', 2, 'Master Class', null, 27, 7);
insert into Course (CourseID, Name, Credit_Hours, Description, Pre_req, Teacher_ID, DepartmentKey) values (51, 'Math101', 4, 'Master Class', '12', 39, 58);
insert into Course (CourseID, Name, Credit_Hours, Description, Pre_req, Teacher_ID, DepartmentKey) values (52, 'EnglishLiterature305', 4, 'Beginner Class', null, 11, 27);
insert into Course (CourseID, Name, Credit_Hours, Description, Pre_req, Teacher_ID, DepartmentKey) values (53, 'ArtHistory202', 5, 'Advanced Class', null, 39, 39);
insert into Course (CourseID, Name, Credit_Hours, Description, Pre_req, Teacher_ID, DepartmentKey) values (54, 'ArtHistory202', 2, 'Intermediate Class', null, 28, 44);
insert into Course (CourseID, Name, Credit_Hours, Description, Pre_req, Teacher_ID, DepartmentKey) values (55, 'History202', 2, 'Master Class', null, 14, 31);
insert into Course (CourseID, Name, Credit_Hours, Description, Pre_req, Teacher_ID, DepartmentKey) values (56, 'ChemistryLab101', 1, 'Beginner Class', null, 20, 26);
insert into Course (CourseID, Name, Credit_Hours, Description, Pre_req, Teacher_ID, DepartmentKey) values (57, 'ArtHistory202', 2, 'Intermediate Class', '13', 54, 14);
insert into Course (CourseID, Name, Credit_Hours, Description, Pre_req, Teacher_ID, DepartmentKey) values (58, 'Math101', 1, 'Beginner Class', null, 31, 3);
insert into Course (CourseID, Name, Credit_Hours, Description, Pre_req, Teacher_ID, DepartmentKey) values (59, 'Math101', 3, 'Beginner Class', null, 19, 33);
insert into Course (CourseID, Name, Credit_Hours, Description, Pre_req, Teacher_ID, DepartmentKey) values (60, 'ArtHistory202', 4, 'Beginner Class', 14, 47, 44);

-- Students
insert into Students (studentID, firstName, lastName, major) values (1, 'Trip', 'Pledge', 'English Literature');
insert into Students (studentID, firstName, lastName, major) values (2, 'Lorelle', 'Bothe', 'Biology');
insert into Students (studentID, firstName, lastName, major) values (3, 'Doug', 'Das', 'Computer Science');
insert into Students (studentID, firstName, lastName, major) values (4, 'Beilul', 'Dooly', 'Computer Science');
insert into Students (studentID, firstName, lastName, major) values (5, 'Otho', 'Stadden', 'Business Administration');
insert into Students (studentID, firstName, lastName, major) values (6, 'Mortie', 'Halleday', 'Business Administration');
insert into Students (studentID, firstName, lastName, major) values (7, 'Robin', 'McPherson', 'Computer Science');
insert into Students (studentID, firstName, lastName, major) values (8, 'Stefa', 'Alldre', 'Business Administration');
insert into Students (studentID, firstName, lastName, major) values (9, 'Delilah', 'Faux', 'Business Administration');
insert into Students (studentID, firstName, lastName, major) values (10, 'Brantley', 'Carp', 'Computer Science');
insert into Students (studentID, firstName, lastName, major) values (11, 'Marilin', 'Rabbe', 'Biology');
insert into Students (studentID, firstName, lastName, major) values (12, 'Ken', 'Kitchingman', 'English Literature');
insert into Students (studentID, firstName, lastName, major) values (13, 'Merrick', 'Feitosa', 'English Literature');
insert into Students (studentID, firstName, lastName, major) values (14, 'Kristen', 'Renfield', 'English Literature');
insert into Students (studentID, firstName, lastName, major) values (15, 'Adelaide', 'cornhill', 'Biology');
insert into Students (studentID, firstName, lastName, major) values (16, 'Darbie', 'Yarrall', 'Biology');
insert into Students (studentID, firstName, lastName, major) values (17, 'Kali', 'McGinney', 'English Literature');
insert into Students (studentID, firstName, lastName, major) values (18, 'Carlie', 'Ashworth', 'English Literature');
insert into Students (studentID, firstName, lastName, major) values (19, 'Shara', 'Jenkerson', 'English Literature');
insert into Students (studentID, firstName, lastName, major) values (20, 'Lea', 'Pill', 'Biology');
insert into Students (studentID, firstName, lastName, major) values (21, 'Kyle', 'Blenkin', 'English Literature');
insert into Students (studentID, firstName, lastName, major) values (22, 'Hilliard', 'Prahm', 'Biology');
insert into Students (studentID, firstName, lastName, major) values (23, 'Nikki', 'Sparshatt', 'Psychology');
insert into Students (studentID, firstName, lastName, major) values (24, 'Allie', 'Mersey', 'Biology');
insert into Students (studentID, firstName, lastName, major) values (25, 'Chris', 'Morin', 'Business Administration');
insert into Students (studentID, firstName, lastName, major) values (26, 'Donnell', 'Gatman', 'Business Administration');
insert into Students (studentID, firstName, lastName, major) values (27, 'Kelsey', 'McPhater', 'Business Administration');
insert into Students (studentID, firstName, lastName, major) values (28, 'Thorsten', 'Averay', 'Computer Science');
insert into Students (studentID, firstName, lastName, major) values (29, 'Bond', 'Gabrieli', 'English Literature');
insert into Students (studentID, firstName, lastName, major) values (30, 'Ania', 'Greenleaf', 'Biology');
insert into Students (studentID, firstName, lastName, major) values (31, 'Erastus', 'Slack', 'Psychology');
insert into Students (studentID, firstName, lastName, major) values (32, 'Chrotoem', 'Mecchi', 'Computer Science');
insert into Students (studentID, firstName, lastName, major) values (33, 'Eleonore', 'Josefsohn', 'Business Administration');
insert into Students (studentID, firstName, lastName, major) values (34, 'Wash', 'Jirsa', 'Psychology');
insert into Students (studentID, firstName, lastName, major) values (35, 'Cooper', 'Songist', 'Business Administration');
insert into Students (studentID, firstName, lastName, major) values (36, 'Gerrie', 'Newcomb', 'Business Administration');
insert into Students (studentID, firstName, lastName, major) values (37, 'Louisette', 'Jennaway', 'Business Administration');
insert into Students (studentID, firstName, lastName, major) values (38, 'Guillermo', 'McVeigh', 'Psychology');
insert into Students (studentID, firstName, lastName, major) values (39, 'Harv', 'Parsell', 'Biology');
insert into Students (studentID, firstName, lastName, major) values (40, 'Yulma', 'Gaze', 'Psychology');
insert into Students (studentID, firstName, lastName, major) values (41, 'Eldredge', 'Buxam', 'Computer Science');
insert into Students (studentID, firstName, lastName, major) values (42, 'Tori', 'Roderham', 'Computer Science');
insert into Students (studentID, firstName, lastName, major) values (43, 'Noll', 'Bendell', 'Biology');
insert into Students (studentID, firstName, lastName, major) values (44, 'Morgun', 'Grindley', 'English Literature');
insert into Students (studentID, firstName, lastName, major) values (45, 'Gilbertina', 'Brocking', 'Business Administration');
insert into Students (studentID, firstName, lastName, major) values (46, 'Corliss', 'Quaintance', 'Biology');
insert into Students (studentID, firstName, lastName, major) values (47, 'Jay', 'Sabine', 'Psychology');
insert into Students (studentID, firstName, lastName, major) values (48, 'Orella', 'Olney', 'Biology');
insert into Students (studentID, firstName, lastName, major) values (49, 'Murial', 'Bambrugh', 'English Literature');
insert into Students (studentID, firstName, lastName, major) values (50, 'Benito', 'Reace', 'Computer Science');
insert into Students (studentID, firstName, lastName, major) values (51, 'Erastus', 'McArdell', 'Business Administration');
insert into Students (studentID, firstName, lastName, major) values (52, 'Johann', 'Trevain', 'Computer Science');
insert into Students (studentID, firstName, lastName, major) values (53, 'Kore', 'Varcoe', 'Biology');
insert into Students (studentID, firstName, lastName, major) values (54, 'Marina', 'Grossier', 'Psychology');
insert into Students (studentID, firstName, lastName, major) values (55, 'Wilmer', 'Larkby', 'Biology');
insert into Students (studentID, firstName, lastName, major) values (56, 'Brittne', 'Laxtonne', 'Business Administration');
insert into Students (studentID, firstName, lastName, major) values (57, 'Holden', 'Epsley', 'Biology');
insert into Students (studentID, firstName, lastName, major) values (58, 'Blancha', 'Leveritt', 'Business Administration');
insert into Students (studentID, firstName, lastName, major) values (59, 'Shelley', 'Yegorev', 'English Literature');
insert into Students (studentID, firstName, lastName, major) values (60, 'Frasco', 'Panyer', 'Biology');

-- Plan
insert into Plan (planID, studentID, planName) values (1, 25, 'Bachelor of Arts in Psychology');
insert into Plan (planID, studentID, planName) values (2, 50, 'Bachelor of Science in Computer Science');
insert into Plan (planID, studentID, planName) values (3, 5, 'Bachelor of Arts in Psychology');
insert into Plan (planID, studentID, planName) values (4, 27, 'Doctor of Medicine');
insert into Plan (planID, studentID, planName) values (5, 4, 'Bachelor of Science in Computer Science');
insert into Plan (planID, studentID, planName) values (6, 49, 'Master of Business Administration');
insert into Plan (planID, studentID, planName) values (7, 13, 'Doctor of Medicine');
insert into Plan (planID, studentID, planName) values (8, 4, 'Master of Business Administration');
insert into Plan (planID, studentID, planName) values (9, 31, 'Bachelor of Science in Computer Science');
insert into Plan (planID, studentID, planName) values (10, 2, 'Bachelor of Arts in Psychology');
insert into Plan (planID, studentID, planName) values (11, 6, 'Bachelor of Science in Computer Science');
insert into Plan (planID, studentID, planName) values (12, 33, 'Master of Business Administration');
insert into Plan (planID, studentID, planName) values (13, 6, 'Associate of Applied Science in Nursing');
insert into Plan (planID, studentID, planName) values (14, 37, 'Associate of Applied Science in Nursing');
insert into Plan (planID, studentID, planName) values (15, 15, 'Associate of Applied Science in Nursing');
insert into Plan (planID, studentID, planName) values (16, 48, 'Bachelor of Science in Computer Science');
insert into Plan (planID, studentID, planName) values (17, 54, 'Bachelor of Arts in Psychology');
insert into Plan (planID, studentID, planName) values (18, 7, 'Associate of Applied Science in Nursing');
insert into Plan (planID, studentID, planName) values (19, 26, 'Bachelor of Arts in Psychology');
insert into Plan (planID, studentID, planName) values (20, 46, 'Bachelor of Arts in Psychology');
insert into Plan (planID, studentID, planName) values (21, 35, 'Bachelor of Arts in Psychology');
insert into Plan (planID, studentID, planName) values (22, 48, 'Bachelor of Science in Computer Science');
insert into Plan (planID, studentID, planName) values (23, 24, 'Associate of Applied Science in Nursing');
insert into Plan (planID, studentID, planName) values (24, 1, 'Master of Business Administration');
insert into Plan (planID, studentID, planName) values (25, 50, 'Bachelor of Science in Computer Science');
insert into Plan (planID, studentID, planName) values (26, 13, 'Doctor of Medicine');
insert into Plan (planID, studentID, planName) values (27, 57, 'Bachelor of Science in Computer Science');
insert into Plan (planID, studentID, planName) values (28, 7, 'Doctor of Medicine');
insert into Plan (planID, studentID, planName) values (29, 53, 'Associate of Applied Science in Nursing');
insert into Plan (planID, studentID, planName) values (30, 50, 'Bachelor of Arts in Psychology');
insert into Plan (planID, studentID, planName) values (31, 20, 'Master of Business Administration');
insert into Plan (planID, studentID, planName) values (32, 60, 'Bachelor of Science in Computer Science');
insert into Plan (planID, studentID, planName) values (33, 36, 'Bachelor of Arts in Psychology');
insert into Plan (planID, studentID, planName) values (34, 7, 'Associate of Applied Science in Nursing');
insert into Plan (planID, studentID, planName) values (35, 38, 'Doctor of Medicine');
insert into Plan (planID, studentID, planName) values (36, 47, 'Associate of Applied Science in Nursing');
insert into Plan (planID, studentID, planName) values (37, 58, 'Bachelor of Science in Computer Science');
insert into Plan (planID, studentID, planName) values (38, 42, 'Master of Business Administration');
insert into Plan (planID, studentID, planName) values (39, 59, 'Master of Business Administration');
insert into Plan (planID, studentID, planName) values (40, 3, 'Master of Business Administration');
insert into Plan (planID, studentID, planName) values (41, 3, 'Associate of Applied Science in Nursing');
insert into Plan (planID, studentID, planName) values (42, 27, 'Bachelor of Science in Computer Science');
insert into Plan (planID, studentID, planName) values (43, 35, 'Associate of Applied Science in Nursing');
insert into Plan (planID, studentID, planName) values (44, 41, 'Associate of Applied Science in Nursing');
insert into Plan (planID, studentID, planName) values (45, 6, 'Bachelor of Science in Computer Science');
insert into Plan (planID, studentID, planName) values (46, 40, 'Master of Business Administration');
insert into Plan (planID, studentID, planName) values (47, 26, 'Bachelor of Science in Computer Science');
insert into Plan (planID, studentID, planName) values (48, 39, 'Bachelor of Science in Computer Science');
insert into Plan (planID, studentID, planName) values (49, 57, 'Bachelor of Science in Computer Science');
insert into Plan (planID, studentID, planName) values (50, 24, 'Doctor of Medicine');
insert into Plan (planID, studentID, planName) values (51, 7, 'Associate of Applied Science in Nursing');
insert into Plan (planID, studentID, planName) values (52, 53, 'Bachelor of Science in Computer Science');
insert into Plan (planID, studentID, planName) values (53, 54, 'Associate of Applied Science in Nursing');
insert into Plan (planID, studentID, planName) values (54, 60, 'Doctor of Medicine');
insert into Plan (planID, studentID, planName) values (55, 53, 'Master of Business Administration');
insert into Plan (planID, studentID, planName) values (56, 18, 'Bachelor of Arts in Psychology');
insert into Plan (planID, studentID, planName) values (57, 11, 'Associate of Applied Science in Nursing');
insert into Plan (planID, studentID, planName) values (58, 10, 'Doctor of Medicine');
insert into Plan (planID, studentID, planName) values (59, 60, 'Bachelor of Arts in Psychology');
insert into Plan (planID, studentID, planName) values (60, 52, 'Bachelor of Science in Computer Science');

-- StudentAcademicRecord
insert into StudentAcademicRecord (recordID, studentID, standing, creditHours, RegistrationTimeTicket) values (1, 12, 'Sophomore', 79, '2024-04-15 09:41:50');
insert into StudentAcademicRecord (recordID, studentID, standing, creditHours, RegistrationTimeTicket) values (2, 45, 'Freshman', 60, '2024-04-08 23:13:15');
insert into StudentAcademicRecord (recordID, studentID, standing, creditHours, RegistrationTimeTicket) values (3, 17, 'Freshman', 78, '2024-04-05 15:23:51');
insert into StudentAcademicRecord (recordID, studentID, standing, creditHours, RegistrationTimeTicket) values (4, 32, 'Freshman', 46, '2024-04-14 19:03:27');
insert into StudentAcademicRecord (recordID, studentID, standing, creditHours, RegistrationTimeTicket) values (5, 6, 'Junior', 57, '2024-04-12 15:39:16');
insert into StudentAcademicRecord (recordID, studentID, standing, creditHours, RegistrationTimeTicket) values (6, 48, 'Junior', 119, '2024-04-06 13:56:18');
insert into StudentAcademicRecord (recordID, studentID, standing, creditHours, RegistrationTimeTicket) values (7, 54, 'Junior', 91, '2024-04-06 01:18:33');
insert into StudentAcademicRecord (recordID, studentID, standing, creditHours, RegistrationTimeTicket) values (8, 51, 'Junior', 59, '2024-04-04 07:32:07');
insert into StudentAcademicRecord (recordID, studentID, standing, creditHours, RegistrationTimeTicket) values (9, 44, 'Senior', 73, '2024-04-14 23:25:22');
insert into StudentAcademicRecord (recordID, studentID, standing, creditHours, RegistrationTimeTicket) values (10, 52, 'Junior', 51, '2024-04-10 06:53:03');
insert into StudentAcademicRecord (recordID, studentID, standing, creditHours, RegistrationTimeTicket) values (11, 53, 'Senior', 69, '2024-04-01 10:05:27');
insert into StudentAcademicRecord (recordID, studentID, standing, creditHours, RegistrationTimeTicket) values (12, 6, 'Junior', 9, '2024-04-01 17:34:22');
insert into StudentAcademicRecord (recordID, studentID, standing, creditHours, RegistrationTimeTicket) values (13, 53, 'Junior', 8, '2024-04-15 19:33:42');
insert into StudentAcademicRecord (recordID, studentID, standing, creditHours, RegistrationTimeTicket) values (14, 51, 'Senior', 16, '2024-04-13 19:08:32');
insert into StudentAcademicRecord (recordID, studentID, standing, creditHours, RegistrationTimeTicket) values (15, 32, 'Junior', 117, '2024-04-12 08:50:55');
insert into StudentAcademicRecord (recordID, studentID, standing, creditHours, RegistrationTimeTicket) values (16, 27, 'Senior', 1, '2024-04-04 16:07:56');
insert into StudentAcademicRecord (recordID, studentID, standing, creditHours, RegistrationTimeTicket) values (17, 3, 'Freshman', 74, '2024-04-03 10:32:08');
insert into StudentAcademicRecord (recordID, studentID, standing, creditHours, RegistrationTimeTicket) values (18, 12, 'Junior', 3, '2024-04-05 22:19:30');
insert into StudentAcademicRecord (recordID, studentID, standing, creditHours, RegistrationTimeTicket) values (19, 30, 'Freshman', 118, '2024-04-10 12:39:25');
insert into StudentAcademicRecord (recordID, studentID, standing, creditHours, RegistrationTimeTicket) values (20, 57, 'Freshman', 54, '2024-04-10 02:09:48');
insert into StudentAcademicRecord (recordID, studentID, standing, creditHours, RegistrationTimeTicket) values (21, 42, 'Junior', 8, '2024-04-13 02:27:27');
insert into StudentAcademicRecord (recordID, studentID, standing, creditHours, RegistrationTimeTicket) values (22, 19, 'Sophomore', 27, '2024-04-07 12:43:08');
insert into StudentAcademicRecord (recordID, studentID, standing, creditHours, RegistrationTimeTicket) values (23, 16, 'Senior', 73, '2024-04-14 09:32:36');
insert into StudentAcademicRecord (recordID, studentID, standing, creditHours, RegistrationTimeTicket) values (24, 35, 'Junior', 88, '2024-04-11 03:25:22');
insert into StudentAcademicRecord (recordID, studentID, standing, creditHours, RegistrationTimeTicket) values (25, 38, 'Sophomore', 25, '2024-04-10 02:16:16');
insert into StudentAcademicRecord (recordID, studentID, standing, creditHours, RegistrationTimeTicket) values (26, 45, 'Sophomore', 30, '2024-04-06 05:23:07');
insert into StudentAcademicRecord (recordID, studentID, standing, creditHours, RegistrationTimeTicket) values (27, 4, 'Freshman', 75, '2024-04-10 22:55:06');
insert into StudentAcademicRecord (recordID, studentID, standing, creditHours, RegistrationTimeTicket) values (28, 36, 'Freshman', 51, '2024-04-09 03:16:26');
insert into StudentAcademicRecord (recordID, studentID, standing, creditHours, RegistrationTimeTicket) values (29, 12, 'Freshman', 27, '2024-04-09 18:52:45');
insert into StudentAcademicRecord (recordID, studentID, standing, creditHours, RegistrationTimeTicket) values (30, 52, 'Senior', 58, '2024-04-02 08:26:39');
insert into StudentAcademicRecord (recordID, studentID, standing, creditHours, RegistrationTimeTicket) values (31, 22, 'Freshman', 51, '2024-04-10 16:20:01');
insert into StudentAcademicRecord (recordID, studentID, standing, creditHours, RegistrationTimeTicket) values (32, 9, 'Freshman', 21, '2024-04-11 03:58:44');
insert into StudentAcademicRecord (recordID, studentID, standing, creditHours, RegistrationTimeTicket) values (33, 56, 'Senior', 112, '2024-04-15 02:21:59');
insert into StudentAcademicRecord (recordID, studentID, standing, creditHours, RegistrationTimeTicket) values (34, 4, 'Sophomore', 25, '2024-04-06 20:12:51');
insert into StudentAcademicRecord (recordID, studentID, standing, creditHours, RegistrationTimeTicket) values (35, 10, 'Junior', 117, '2024-04-15 03:00:52');
insert into StudentAcademicRecord (recordID, studentID, standing, creditHours, RegistrationTimeTicket) values (36, 27, 'Junior', 105, '2024-04-04 04:40:57');
insert into StudentAcademicRecord (recordID, studentID, standing, creditHours, RegistrationTimeTicket) values (37, 17, 'Freshman', 63, '2024-04-02 18:51:22');
insert into StudentAcademicRecord (recordID, studentID, standing, creditHours, RegistrationTimeTicket) values (38, 44, 'Freshman', 37, '2024-04-07 09:39:42');
insert into StudentAcademicRecord (recordID, studentID, standing, creditHours, RegistrationTimeTicket) values (39, 59, 'Senior', 39, '2024-04-15 17:54:13');
insert into StudentAcademicRecord (recordID, studentID, standing, creditHours, RegistrationTimeTicket) values (40, 5, 'Freshman', 64, '2024-04-08 18:42:36');
insert into StudentAcademicRecord (recordID, studentID, standing, creditHours, RegistrationTimeTicket) values (41, 1, 'Senior', 89, '2024-04-08 12:29:14');
insert into StudentAcademicRecord (recordID, studentID, standing, creditHours, RegistrationTimeTicket) values (42, 59, 'Senior', 64, '2024-04-11 17:10:26');
insert into StudentAcademicRecord (recordID, studentID, standing, creditHours, RegistrationTimeTicket) values (43, 15, 'Junior', 77, '2024-04-11 07:48:33');
insert into StudentAcademicRecord (recordID, studentID, standing, creditHours, RegistrationTimeTicket) values (44, 9, 'Freshman', 21, '2024-04-07 00:20:30');
insert into StudentAcademicRecord (recordID, studentID, standing, creditHours, RegistrationTimeTicket) values (45, 3, 'Freshman', 39, '2024-04-01 13:54:40');
insert into StudentAcademicRecord (recordID, studentID, standing, creditHours, RegistrationTimeTicket) values (46, 19, 'Junior', 47, '2024-04-05 07:41:19');
insert into StudentAcademicRecord (recordID, studentID, standing, creditHours, RegistrationTimeTicket) values (47, 5, 'Sophomore', 33, '2024-04-13 23:18:15');
insert into StudentAcademicRecord (recordID, studentID, standing, creditHours, RegistrationTimeTicket) values (48, 51, 'Freshman', 72, '2024-04-11 20:44:54');
insert into StudentAcademicRecord (recordID, studentID, standing, creditHours, RegistrationTimeTicket) values (49, 3, 'Junior', 25, '2024-04-07 09:14:24');
insert into StudentAcademicRecord (recordID, studentID, standing, creditHours, RegistrationTimeTicket) values (50, 5, 'Junior', 73, '2024-04-07 12:58:48');
insert into StudentAcademicRecord (recordID, studentID, standing, creditHours, RegistrationTimeTicket) values (51, 5, 'Freshman', 24, '2024-04-05 07:58:37');
insert into StudentAcademicRecord (recordID, studentID, standing, creditHours, RegistrationTimeTicket) values (52, 18, 'Senior', 18, '2024-04-02 00:48:51');
insert into StudentAcademicRecord (recordID, studentID, standing, creditHours, RegistrationTimeTicket) values (53, 24, 'Senior', 96, '2024-04-13 12:16:02');
insert into StudentAcademicRecord (recordID, studentID, standing, creditHours, RegistrationTimeTicket) values (54, 2, 'Senior', 19, '2024-04-06 04:20:13');
insert into StudentAcademicRecord (recordID, studentID, standing, creditHours, RegistrationTimeTicket) values (55, 31, 'Junior', 30, '2024-04-04 04:34:27');
insert into StudentAcademicRecord (recordID, studentID, standing, creditHours, RegistrationTimeTicket) values (56, 52, 'Sophomore', 4, '2024-04-09 04:38:35');
insert into StudentAcademicRecord (recordID, studentID, standing, creditHours, RegistrationTimeTicket) values (57, 8, 'Freshman', 27, '2024-04-07 03:12:53');
insert into StudentAcademicRecord (recordID, studentID, standing, creditHours, RegistrationTimeTicket) values (58, 8, 'Freshman', 5, '2024-04-06 01:37:26');
insert into StudentAcademicRecord (recordID, studentID, standing, creditHours, RegistrationTimeTicket) values (59, 32, 'Sophomore', 86, '2024-04-15 20:01:48');
insert into StudentAcademicRecord (recordID, studentID, standing, creditHours, RegistrationTimeTicket) values (60, 27, 'Junior', 55, '2024-04-08 23:45:53');


-- Feedback
insert into Feedback (feedbackID, studentID, comments, rating) values (1, 59, 'Highly recommended', 5);
insert into Feedback (feedbackID, studentID, comments, rating) values (2, 17, 'Highly recommended', 3);
insert into Feedback (feedbackID, studentID, comments, rating) values (3, 21, 'Not worth it', 0);
insert into Feedback (feedbackID, studentID, comments, rating) values (4, 28, 'Not worth it', 0);
insert into Feedback (feedbackID, studentID, comments, rating) values (5, 42, 'Great course!', 1);
insert into Feedback (feedbackID, studentID, comments, rating) values (6, 15, 'Not worth it', 4);
insert into Feedback (feedbackID, studentID, comments, rating) values (7, 26, 'Great course!', 2);
insert into Feedback (feedbackID, studentID, comments, rating) values (8, 15, 'Could be better', 2);
insert into Feedback (feedbackID, studentID, comments, rating) values (9, 35, 'Great course!', 0);
insert into Feedback (feedbackID, studentID, comments, rating) values (10, 55, 'Not worth it', 0);
insert into Feedback (feedbackID, studentID, comments, rating) values (11, 5, 'Not worth it', 3);
insert into Feedback (feedbackID, studentID, comments, rating) values (12, 60, 'Not worth it', 0);
insert into Feedback (feedbackID, studentID, comments, rating) values (13, 17, 'Could be better', 5);
insert into Feedback (feedbackID, studentID, comments, rating) values (14, 37, 'Great course!', 4);
insert into Feedback (feedbackID, studentID, comments, rating) values (15, 3, 'Not worth it', 0);
insert into Feedback (feedbackID, studentID, comments, rating) values (16, 20, 'Not worth it', 3);
insert into Feedback (feedbackID, studentID, comments, rating) values (17, 22, 'Very informative', 0);
insert into Feedback (feedbackID, studentID, comments, rating) values (18, 46, 'Not worth it', 0);
insert into Feedback (feedbackID, studentID, comments, rating) values (19, 59, 'Great course!', 2);
insert into Feedback (feedbackID, studentID, comments, rating) values (20, 25, 'Highly recommended', 5);
insert into Feedback (feedbackID, studentID, comments, rating) values (21, 6, 'Not worth it', 0);
insert into Feedback (feedbackID, studentID, comments, rating) values (22, 47, 'Great course!', 2);
insert into Feedback (feedbackID, studentID, comments, rating) values (23, 48, 'Great course!', 3);
insert into Feedback (feedbackID, studentID, comments, rating) values (24, 9, 'Very informative', 2);
insert into Feedback (feedbackID, studentID, comments, rating) values (25, 17, 'Great course!', 5);
insert into Feedback (feedbackID, studentID, comments, rating) values (26, 56, 'Could be better', 4);
insert into Feedback (feedbackID, studentID, comments, rating) values (27, 26, 'Could be better', 1);
insert into Feedback (feedbackID, studentID, comments, rating) values (28, 45, 'Not worth it', 4);
insert into Feedback (feedbackID, studentID, comments, rating) values (29, 23, 'Could be better', 2);
insert into Feedback (feedbackID, studentID, comments, rating) values (30, 30, 'Highly recommended', 3);
insert into Feedback (feedbackID, studentID, comments, rating) values (31, 33, 'Great course!', 1);
insert into Feedback (feedbackID, studentID, comments, rating) values (32, 27, 'Not worth it', 3);
insert into Feedback (feedbackID, studentID, comments, rating) values (33, 29, 'Not worth it', 4);
insert into Feedback (feedbackID, studentID, comments, rating) values (34, 22, 'Very informative', 5);
insert into Feedback (feedbackID, studentID, comments, rating) values (35, 19, 'Highly recommended', 2);
insert into Feedback (feedbackID, studentID, comments, rating) values (36, 52, 'Could be better', 1);
insert into Feedback (feedbackID, studentID, comments, rating) values (37, 46, 'Not worth it', 5);
insert into Feedback (feedbackID, studentID, comments, rating) values (38, 3, 'Great course!', 1);
insert into Feedback (feedbackID, studentID, comments, rating) values (39, 51, 'Not worth it', 4);
insert into Feedback (feedbackID, studentID, comments, rating) values (40, 14, 'Highly recommended', 5);
insert into Feedback (feedbackID, studentID, comments, rating) values (41, 38, 'Not worth it', 0);
insert into Feedback (feedbackID, studentID, comments, rating) values (42, 45, 'Could be better', 4);
insert into Feedback (feedbackID, studentID, comments, rating) values (43, 49, 'Could be better', 4);
insert into Feedback (feedbackID, studentID, comments, rating) values (44, 27, 'Not worth it', 1);
insert into Feedback (feedbackID, studentID, comments, rating) values (45, 37, 'Could be better', 3);
insert into Feedback (feedbackID, studentID, comments, rating) values (46, 26, 'Great course!', 1);
insert into Feedback (feedbackID, studentID, comments, rating) values (47, 25, 'Not worth it', 4);
insert into Feedback (feedbackID, studentID, comments, rating) values (48, 13, 'Very informative', 4);
insert into Feedback (feedbackID, studentID, comments, rating) values (49, 59, 'Highly recommended', 0);
insert into Feedback (feedbackID, studentID, comments, rating) values (50, 5, 'Not worth it', 1);
insert into Feedback (feedbackID, studentID, comments, rating) values (51, 30, 'Very informative', 2);
insert into Feedback (feedbackID, studentID, comments, rating) values (52, 50, 'Very informative', 5);
insert into Feedback (feedbackID, studentID, comments, rating) values (53, 34, 'Could be better', 2);
insert into Feedback (feedbackID, studentID, comments, rating) values (54, 1, 'Could be better', 2);
insert into Feedback (feedbackID, studentID, comments, rating) values (55, 15, 'Highly recommended', 3);
insert into Feedback (feedbackID, studentID, comments, rating) values (56, 1, 'Great course!', 3);
insert into Feedback (feedbackID, studentID, comments, rating) values (57, 8, 'Very informative', 0);
insert into Feedback (feedbackID, studentID, comments, rating) values (58, 12, 'Not worth it', 2);
insert into Feedback (feedbackID, studentID, comments, rating) values (59, 57, 'Great course!', 5);
insert into Feedback (feedbackID, studentID, comments, rating) values (60, 58, 'Highly recommended', 3);
insert into Feedback (feedbackID, studentID, comments, rating) values (61, 22, 'Highly recommended', 2);
insert into Feedback (feedbackID, studentID, comments, rating) values (62, 7, 'Great course!', 0);
insert into Feedback (feedbackID, studentID, comments, rating) values (63, 7, 'Highly recommended', 2);
insert into Feedback (feedbackID, studentID, comments, rating) values (64, 19, 'Great course!', 0);
insert into Feedback (feedbackID, studentID, comments, rating) values (65, 0, 'Highly recommended', 4);
insert into Feedback (feedbackID, studentID, comments, rating) values (66, 13, 'Very informative', 3);
insert into Feedback (feedbackID, studentID, comments, rating) values (67, 50, 'Not worth it', 0);
insert into Feedback (feedbackID, studentID, comments, rating) values (68, 41, 'Not worth it', 3);
insert into Feedback (feedbackID, studentID, comments, rating) values (69, 46, 'Great course!', 2);
insert into Feedback (feedbackID, studentID, comments, rating) values (70, 48, 'Could be better', 2);
insert into Feedback (feedbackID, studentID, comments, rating) values (71, 51, 'Could be better', 4);
insert into Feedback (feedbackID, studentID, comments, rating) values (72, 34, 'Highly recommended', 3);
insert into Feedback (feedbackID, studentID, comments, rating) values (73, 49, 'Highly recommended', 3);
insert into Feedback (feedbackID, studentID, comments, rating) values (74, 43, 'Not worth it', 3);
insert into Feedback (feedbackID, studentID, comments, rating) values (75, 38, 'Could be better', 5);
insert into Feedback (feedbackID, studentID, comments, rating) values (76, 59, 'Not worth it', 1);
insert into Feedback (feedbackID, studentID, comments, rating) values (77, 32, 'Very informative', 5);
insert into Feedback (feedbackID, studentID, comments, rating) values (78, 24, 'Could be better', 5);
insert into Feedback (feedbackID, studentID, comments, rating) values (79, 34, 'Could be better', 5);
insert into Feedback (feedbackID, studentID, comments, rating) values (80, 33, 'Could be better', 1);
insert into Feedback (feedbackID, studentID, comments, rating) values (81, 25, 'Highly recommended', 2);
insert into Feedback (feedbackID, studentID, comments, rating) values (82, 32, 'Highly recommended', 1);
insert into Feedback (feedbackID, studentID, comments, rating) values (83, 2, 'Highly recommended', 4);
insert into Feedback (feedbackID, studentID, comments, rating) values (84, 39, 'Not worth it', 0);
insert into Feedback (feedbackID, studentID, comments, rating) values (85, 38, 'Not worth it', 4);
insert into Feedback (feedbackID, studentID, comments, rating) values (86, 41, 'Very informative', 5);
insert into Feedback (feedbackID, studentID, comments, rating) values (87, 36, 'Could be better', 5);
insert into Feedback (feedbackID, studentID, comments, rating) values (88, 59, 'Great course!', 1);
insert into Feedback (feedbackID, studentID, comments, rating) values (89, 4, 'Highly recommended', 5);
insert into Feedback (feedbackID, studentID, comments, rating) values (90, 6, 'Very informative', 4);
insert into Feedback (feedbackID, studentID, comments, rating) values (91, 2, 'Very informative', 5);
insert into Feedback (feedbackID, studentID, comments, rating) values (92, 57, 'Great course!', 2);
insert into Feedback (feedbackID, studentID, comments, rating) values (93, 35, 'Great course!', 0);
insert into Feedback (feedbackID, studentID, comments, rating) values (94, 60, 'Highly recommended', 1);
insert into Feedback (feedbackID, studentID, comments, rating) values (95, 31, 'Very informative', 3);
insert into Feedback (feedbackID, studentID, comments, rating) values (96, 14, 'Very informative', 5);
insert into Feedback (feedbackID, studentID, comments, rating) values (97, 4, 'Great course!', 5);
insert into Feedback (feedbackID, studentID, comments, rating) values (98, 18, 'Could be better', 0);
insert into Feedback (feedbackID, studentID, comments, rating) values (99, 20, 'Not worth it', 4);
insert into Feedback (feedbackID, studentID, comments, rating) values (100, 43, 'Could be better', 4);

-- Advisor
insert into Advisor (Advisor_ID, FirstName, LastName, DepartmentKey, Colleagues) values (1, 'Caren', 'Saull', 8, null);
insert into Advisor (Advisor_ID, FirstName, LastName, DepartmentKey, Colleagues) values (2, 'Marcia', 'Arnaldy', 4, 1);
insert into Advisor (Advisor_ID, FirstName, LastName, DepartmentKey, Colleagues) values (3, 'Les', 'Zanioletti', 55, null);
insert into Advisor (Advisor_ID, FirstName, LastName, DepartmentKey, Colleagues) values (4, 'Knox', 'Crommett', 60, 1);
insert into Advisor (Advisor_ID, FirstName, LastName, DepartmentKey, Colleagues) values (5, 'Roobbie', 'Belverstone', 48, 2);
insert into Advisor (Advisor_ID, FirstName, LastName, DepartmentKey, Colleagues) values (6, 'Sigismundo', 'Oppie', 7, null);
insert into Advisor (Advisor_ID, FirstName, LastName, DepartmentKey, Colleagues) values (7, 'Ibrahim', 'Leblanc', 35, null);
insert into Advisor (Advisor_ID, FirstName, LastName, DepartmentKey, Colleagues) values (8, 'Aigneis', 'Paulsen', 45, 6);
insert into Advisor (Advisor_ID, FirstName, LastName, DepartmentKey, Colleagues) values (9, 'Anestassia', 'Norley', 7, null);
insert into Advisor (Advisor_ID, FirstName, LastName, DepartmentKey, Colleagues) values (10, 'Genni', 'Desmond', 9, 3);
insert into Advisor (Advisor_ID, FirstName, LastName, DepartmentKey, Colleagues) values (11, 'Sayres', 'Macrae', 56, 10);
insert into Advisor (Advisor_ID, FirstName, LastName, DepartmentKey, Colleagues) values (12, 'Ronni', 'MacShane', 8, null);
insert into Advisor (Advisor_ID, FirstName, LastName, DepartmentKey, Colleagues) values (13, 'Neile', 'Omrod', 16, null);
insert into Advisor (Advisor_ID, FirstName, LastName, DepartmentKey, Colleagues) values (14, 'Anderea', 'Brodeur', 15, 9);
insert into Advisor (Advisor_ID, FirstName, LastName, DepartmentKey, Colleagues) values (15, 'Regine', 'Bohlin', 37, 5);
insert into Advisor (Advisor_ID, FirstName, LastName, DepartmentKey, Colleagues) values (16, 'Annis', 'Boothman', 13, null);
insert into Advisor (Advisor_ID, FirstName, LastName, DepartmentKey, Colleagues) values (17, 'Davita', 'Venturoli', 31, 1);
insert into Advisor (Advisor_ID, FirstName, LastName, DepartmentKey, Colleagues) values (18, 'Cristionna', 'Strewthers', 16, 8);
insert into Advisor (Advisor_ID, FirstName, LastName, DepartmentKey, Colleagues) values (19, 'Harwell', 'Tonna', 43, 9);
insert into Advisor (Advisor_ID, FirstName, LastName, DepartmentKey, Colleagues) values (20, 'Catha', 'Deery', 37, null);
insert into Advisor (Advisor_ID, FirstName, LastName, DepartmentKey, Colleagues) values (21, 'Nana', 'Vince', 18, 9);
insert into Advisor (Advisor_ID, FirstName, LastName, DepartmentKey, Colleagues) values (22, 'Marty', 'Beardsley', 38, 11);
insert into Advisor (Advisor_ID, FirstName, LastName, DepartmentKey, Colleagues) values (23, 'Bette-ann', 'Kuban', 24, null);
insert into Advisor (Advisor_ID, FirstName, LastName, DepartmentKey, Colleagues) values (24, 'Niki', 'Dutson', 45, null);
insert into Advisor (Advisor_ID, FirstName, LastName, DepartmentKey, Colleagues) values (25, 'Odelle', 'Bortoletti', 22, 4);
insert into Advisor (Advisor_ID, FirstName, LastName, DepartmentKey, Colleagues) values (26, 'Ettie', 'Dutchburn', 58, 20);
insert into Advisor (Advisor_ID, FirstName, LastName, DepartmentKey, Colleagues) values (27, 'Haily', 'Shawl', 47, 5);
insert into Advisor (Advisor_ID, FirstName, LastName, DepartmentKey, Colleagues) values (28, 'Osborne', 'Howchin', 35, null);
insert into Advisor (Advisor_ID, FirstName, LastName, DepartmentKey, Colleagues) values (29, 'Camilla', 'Cisar', 55, 23);
insert into Advisor (Advisor_ID, FirstName, LastName, DepartmentKey, Colleagues) values (30, 'Waring', 'Todarello', 3, 5);

-- StudentsCourse
insert into StudentsCourse (courseID, studentID) values (21, 48);
insert into StudentsCourse (courseID, studentID) values (17, 7);
insert into StudentsCourse (courseID, studentID) values (5, 1);
insert into StudentsCourse (courseID, studentID) values (3, 56);
insert into StudentsCourse (courseID, studentID) values (47, 40);
insert into StudentsCourse (courseID, studentID) values (29, 33);
insert into StudentsCourse (courseID, studentID) values (33, 39);
insert into StudentsCourse (courseID, studentID) values (40, 29);
insert into StudentsCourse (courseID, studentID) values (33, 60);
insert into StudentsCourse (courseID, studentID) values (54, 39);
insert into StudentsCourse (courseID, studentID) values (1, 12);
insert into StudentsCourse (courseID, studentID) values (3, 27);
insert into StudentsCourse (courseID, studentID) values (50, 19);
insert into StudentsCourse (courseID, studentID) values (1, 20);
insert into StudentsCourse (courseID, studentID) values (31, 38);
insert into StudentsCourse (courseID, studentID) values (59, 59);
insert into StudentsCourse (courseID, studentID) values (24, 24);
insert into StudentsCourse (courseID, studentID) values (41, 5);
insert into StudentsCourse (courseID, studentID) values (20, 3);
insert into StudentsCourse (courseID, studentID) values (55, 26);
insert into StudentsCourse (courseID, studentID) values (52, 3);
insert into StudentsCourse (courseID, studentID) values (52, 5);
insert into StudentsCourse (courseID, studentID) values (29, 60);
insert into StudentsCourse (courseID, studentID) values (25, 21);
insert into StudentsCourse (courseID, studentID) values (46, 35);
insert into StudentsCourse (courseID, studentID) values (2, 9);
insert into StudentsCourse (courseID, studentID) values (45, 14);
insert into StudentsCourse (courseID, studentID) values (27, 29);
insert into StudentsCourse (courseID, studentID) values (21, 12);
insert into StudentsCourse (courseID, studentID) values (27, 1);
insert into StudentsCourse (courseID, studentID) values (55, 21);
insert into StudentsCourse (courseID, studentID) values (16, 31);
insert into StudentsCourse (courseID, studentID) values (4, 60);
insert into StudentsCourse (courseID, studentID) values (42, 33);
insert into StudentsCourse (courseID, studentID) values (54, 50);
insert into StudentsCourse (courseID, studentID) values (36, 13);
insert into StudentsCourse (courseID, studentID) values (21, 39);
insert into StudentsCourse (courseID, studentID) values (35, 47);
insert into StudentsCourse (courseID, studentID) values (3, 10);
insert into StudentsCourse (courseID, studentID) values (43, 19);
insert into StudentsCourse (courseID, studentID) values (1, 5);
insert into StudentsCourse (courseID, studentID) values (22, 52);
insert into StudentsCourse (courseID, studentID) values (9, 24);
insert into StudentsCourse (courseID, studentID) values (60, 37);
insert into StudentsCourse (courseID, studentID) values (39, 28);
insert into StudentsCourse (courseID, studentID) values (7, 39);
insert into StudentsCourse (courseID, studentID) values (37, 3);
insert into StudentsCourse (courseID, studentID) values (29, 29);
insert into StudentsCourse (courseID, studentID) values (2, 2);
insert into StudentsCourse (courseID, studentID) values (52, 16);
insert into StudentsCourse (courseID, studentID) values (24, 52);
insert into StudentsCourse (courseID, studentID) values (34, 21);
insert into StudentsCourse (courseID, studentID) values (36, 17);
insert into StudentsCourse (courseID, studentID) values (23, 35);
insert into StudentsCourse (courseID, studentID) values (25, 56);
insert into StudentsCourse (courseID, studentID) values (60, 45);
insert into StudentsCourse (courseID, studentID) values (17, 31);
insert into StudentsCourse (courseID, studentID) values (15, 7);
insert into StudentsCourse (courseID, studentID) values (20, 53);
insert into StudentsCourse (courseID, studentID) values (24, 57);
insert into StudentsCourse (courseID, studentID) values (37, 17);
insert into StudentsCourse (courseID, studentID) values (14, 10);
insert into StudentsCourse (courseID, studentID) values (24, 26);
insert into StudentsCourse (courseID, studentID) values (20, 33);
insert into StudentsCourse (courseID, studentID) values (32, 19);
insert into StudentsCourse (courseID, studentID) values (14, 12);
insert into StudentsCourse (courseID, studentID) values (17, 46);
insert into StudentsCourse (courseID, studentID) values (44, 47);
insert into StudentsCourse (courseID, studentID) values (19, 34);
insert into StudentsCourse (courseID, studentID) values (34, 51);
insert into StudentsCourse (courseID, studentID) values (38, 41);
insert into StudentsCourse (courseID, studentID) values (29, 39);
insert into StudentsCourse (courseID, studentID) values (43, 52);
insert into StudentsCourse (courseID, studentID) values (48, 26);
insert into StudentsCourse (courseID, studentID) values (57, 2);
insert into StudentsCourse (courseID, studentID) values (24, 7);
insert into StudentsCourse (courseID, studentID) values (22, 13);
insert into StudentsCourse (courseID, studentID) values (16, 4);
insert into StudentsCourse (courseID, studentID) values (14, 8);
insert into StudentsCourse (courseID, studentID) values (28, 14);
insert into StudentsCourse (courseID, studentID) values (20, 13);
insert into StudentsCourse (courseID, studentID) values (44, 20);
insert into StudentsCourse (courseID, studentID) values (10, 53);
insert into StudentsCourse (courseID, studentID) values (40, 14);
insert into StudentsCourse (courseID, studentID) values (58, 57);
insert into StudentsCourse (courseID, studentID) values (5, 57);
insert into StudentsCourse (courseID, studentID) values (23, 58);
insert into StudentsCourse (courseID, studentID) values (12, 23);
insert into StudentsCourse (courseID, studentID) values (41, 48);
insert into StudentsCourse (courseID, studentID) values (41, 16);
insert into StudentsCourse (courseID, studentID) values (3, 2);
insert into StudentsCourse (courseID, studentID) values (1, 59);
insert into StudentsCourse (courseID, studentID) values (23, 26);
insert into StudentsCourse (courseID, studentID) values (34, 39);
insert into StudentsCourse (courseID, studentID) values (36, 1);
insert into StudentsCourse (courseID, studentID) values (59, 43);
insert into StudentsCourse (courseID, studentID) values (47, 17);
insert into StudentsCourse (courseID, studentID) values (9, 6);
insert into StudentsCourse (courseID, studentID) values (54, 3);
insert into StudentsCourse (courseID, studentID) values (45, 40);
insert into StudentsCourse (courseID, studentID) values (12, 54);
insert into StudentsCourse (courseID, studentID) values (55, 44);
insert into StudentsCourse (courseID, studentID) values (29, 57);
insert into StudentsCourse (courseID, studentID) values (3, 20);
insert into StudentsCourse (courseID, studentID) values (21, 38);
insert into StudentsCourse (courseID, studentID) values (52, 44);
insert into StudentsCourse (courseID, studentID) values (18, 28);
insert into StudentsCourse (courseID, studentID) values (29, 46);
insert into StudentsCourse (courseID, studentID) values (51, 9);
insert into StudentsCourse (courseID, studentID) values (16, 52);
insert into StudentsCourse (courseID, studentID) values (59, 19);
insert into StudentsCourse (courseID, studentID) values (7, 38);
insert into StudentsCourse (courseID, studentID) values (31, 52);
insert into StudentsCourse (courseID, studentID) values (9, 1);
insert into StudentsCourse (courseID, studentID) values (38, 3);
insert into StudentsCourse (courseID, studentID) values (38, 47);
insert into StudentsCourse (courseID, studentID) values (59, 39);
insert into StudentsCourse (courseID, studentID) values (19, 59);
insert into StudentsCourse (courseID, studentID) values (59, 9);
insert into StudentsCourse (courseID, studentID) values (60, 13);
insert into StudentsCourse (courseID, studentID) values (28, 48);
insert into StudentsCourse (courseID, studentID) values (9, 50);
insert into StudentsCourse (courseID, studentID) values (51, 12);
insert into StudentsCourse (courseID, studentID) values (18, 45);
insert into StudentsCourse (courseID, studentID) values (11, 40);
insert into StudentsCourse (courseID, studentID) values (27, 32);
insert into StudentsCourse (courseID, studentID) values (17, 33);
insert into StudentsCourse (courseID, studentID) values (50, 16);
insert into StudentsCourse (courseID, studentID) values (22, 39);
insert into StudentsCourse (courseID, studentID) values (11, 13);
insert into StudentsCourse (courseID, studentID) values (45, 18);
insert into StudentsCourse (courseID, studentID) values (8, 44);
insert into StudentsCourse (courseID, studentID) values (18, 5);
insert into StudentsCourse (courseID, studentID) values (23, 33);
insert into StudentsCourse (courseID, studentID) values (6, 40);
insert into StudentsCourse (courseID, studentID) values (6, 16);
insert into StudentsCourse (courseID, studentID) values (50, 30);
insert into StudentsCourse (courseID, studentID) values (4, 25);
insert into StudentsCourse (courseID, studentID) values (31, 5);
insert into StudentsCourse (courseID, studentID) values (11, 32);
insert into StudentsCourse (courseID, studentID) values (48, 34);
insert into StudentsCourse (courseID, studentID) values (46, 34);
insert into StudentsCourse (courseID, studentID) values (52, 25);
insert into StudentsCourse (courseID, studentID) values (51, 57);
insert into StudentsCourse (courseID, studentID) values (14, 52);
insert into StudentsCourse (courseID, studentID) values (26, 36);
insert into StudentsCourse (courseID, studentID) values (56, 37);
insert into StudentsCourse (courseID, studentID) values (47, 29);
insert into StudentsCourse (courseID, studentID) values (2, 39);
insert into StudentsCourse (courseID, studentID) values (22, 29);
insert into StudentsCourse (courseID, studentID) values (59, 2);
insert into StudentsCourse (courseID, studentID) values (30, 6);
insert into StudentsCourse (courseID, studentID) values (35, 22);
insert into StudentsCourse (courseID, studentID) values (27, 49);
insert into StudentsCourse (courseID, studentID) values (16, 3);
insert into StudentsCourse (courseID, studentID) values (19, 54);
insert into StudentsCourse (courseID, studentID) values (56, 24);
insert into StudentsCourse (courseID, studentID) values (31, 21);
insert into StudentsCourse (courseID, studentID) values (14, 3);
insert into StudentsCourse (courseID, studentID) values (60, 2);
insert into StudentsCourse (courseID, studentID) values (46, 10);
insert into StudentsCourse (courseID, studentID) values (4, 6);
insert into StudentsCourse (courseID, studentID) values (57, 24);
insert into StudentsCourse (courseID, studentID) values (26, 25);
insert into StudentsCourse (courseID, studentID) values (58, 6);
insert into StudentsCourse (courseID, studentID) values (9, 3);
insert into StudentsCourse (courseID, studentID) values (47, 7);
insert into StudentsCourse (courseID, studentID) values (24, 48);
insert into StudentsCourse (courseID, studentID) values (13, 11);
insert into StudentsCourse (courseID, studentID) values (60, 26);
insert into StudentsCourse (courseID, studentID) values (45, 7);
insert into StudentsCourse (courseID, studentID) values (40, 40);
insert into StudentsCourse (courseID, studentID) values (2, 10);
insert into StudentsCourse (courseID, studentID) values (14, 15);
insert into StudentsCourse (courseID, studentID) values (41, 9);
insert into StudentsCourse (courseID, studentID) values (27, 22);
insert into StudentsCourse (courseID, studentID) values (22, 15);
insert into StudentsCourse (courseID, studentID) values (54, 21);
insert into StudentsCourse (courseID, studentID) values (46, 60);
insert into StudentsCourse (courseID, studentID) values (4, 21);
insert into StudentsCourse (courseID, studentID) values (25, 46);
insert into StudentsCourse (courseID, studentID) values (37, 56);
insert into StudentsCourse (courseID, studentID) values (10, 23);
insert into StudentsCourse (courseID, studentID) values (35, 60);
insert into StudentsCourse (courseID, studentID) values (30, 48);
insert into StudentsCourse (courseID, studentID) values (53, 57);
insert into StudentsCourse (courseID, studentID) values (15, 52);
insert into StudentsCourse (courseID, studentID) values (45, 58);
insert into StudentsCourse (courseID, studentID) values (10, 9);
insert into StudentsCourse (courseID, studentID) values (45, 43);
insert into StudentsCourse (courseID, studentID) values (10, 45);
insert into StudentsCourse (courseID, studentID) values (11, 28);
insert into StudentsCourse (courseID, studentID) values (38, 50);
insert into StudentsCourse (courseID, studentID) values (60, 5);
insert into StudentsCourse (courseID, studentID) values (4, 7);
insert into StudentsCourse (courseID, studentID) values (58, 53);
insert into StudentsCourse (courseID, studentID) values (41, 44);
insert into StudentsCourse (courseID, studentID) values (8, 40);
insert into StudentsCourse (courseID, studentID) values (42, 44);
insert into StudentsCourse (courseID, studentID) values (1, 35);

-- DegreeAudit
insert into DegreeAudit (auditID, startTerm, gradTerm, status, advisorID) values (1, 'Winter 2022', 'Spring 2026', 'on leave', 22);
insert into DegreeAudit (auditID, startTerm, gradTerm, status, advisorID) values (2, 'Fall 2021', 'Fall 2026', 'part-time', 15);
insert into DegreeAudit (auditID, startTerm, gradTerm, status, advisorID) values (3, 'Fall 2021', 'Spring 2024', 'part-time', 6);
insert into DegreeAudit (auditID, startTerm, gradTerm, status, advisorID) values (4, 'Summer 2022', 'Spring 2026', 'full-time', 17);
insert into DegreeAudit (auditID, startTerm, gradTerm, status, advisorID) values (5, 'Summer 2022', 'Fall 2024', 'on leave', 15);
insert into DegreeAudit (auditID, startTerm, gradTerm, status, advisorID) values (6, 'Fall 2021', 'Fall 2023', 'part-time', 5);
insert into DegreeAudit (auditID, startTerm, gradTerm, status, advisorID) values (7, 'Summer 2022', 'Spring 2025', 'part-time', 24);
insert into DegreeAudit (auditID, startTerm, gradTerm, status, advisorID) values (8, 'Summer 2022', 'Fall 2023', 'part-time', 7);
insert into DegreeAudit (auditID, startTerm, gradTerm, status, advisorID) values (9, 'Fall 2021', 'Spring 2027', 'on leave', 27);
insert into DegreeAudit (auditID, startTerm, gradTerm, status, advisorID) values (10, 'Winter 2022', 'Spring 2024', 'on leave', 21);
insert into DegreeAudit (auditID, startTerm, gradTerm, status, advisorID) values (11, 'Summer 2022', 'Fall 2026', 'full-time', 24);
insert into DegreeAudit (auditID, startTerm, gradTerm, status, advisorID) values (12, 'Summer 2022', 'Spring 2024', 'full-time', 6);
insert into DegreeAudit (auditID, startTerm, gradTerm, status, advisorID) values (13, 'Fall 2021', 'Fall 2024', 'full-time', 27);
insert into DegreeAudit (auditID, startTerm, gradTerm, status, advisorID) values (14, 'Summer 2022', 'Fall 2026', 'full-time', 2);
insert into DegreeAudit (auditID, startTerm, gradTerm, status, advisorID) values (15, 'Winter 2022', 'Fall 2026', 'full-time', 18);
insert into DegreeAudit (auditID, startTerm, gradTerm, status, advisorID) values (16, 'Summer 2022', 'Fall 2025', 'full-time', 5);
insert into DegreeAudit (auditID, startTerm, gradTerm, status, advisorID) values (17, 'Summer 2022', 'Fall 2025', 'full-time', 22);
insert into DegreeAudit (auditID, startTerm, gradTerm, status, advisorID) values (18, 'Winter 2022', 'Fall 2025', 'on leave', 27);
insert into DegreeAudit (auditID, startTerm, gradTerm, status, advisorID) values (19, 'Fall 2021', 'Fall 2023', 'part-time', 17);
insert into DegreeAudit (auditID, startTerm, gradTerm, status, advisorID) values (20, 'Winter 2022', 'Fall 2023', 'on leave', 21);
insert into DegreeAudit (auditID, startTerm, gradTerm, status, advisorID) values (21, 'Summer 2022', 'Spring 2024', 'part-time', 28);
insert into DegreeAudit (auditID, startTerm, gradTerm, status, advisorID) values (22, 'Fall 2021', 'Spring 2027', 'on leave', 5);
insert into DegreeAudit (auditID, startTerm, gradTerm, status, advisorID) values (23, 'Winter 2022', 'Fall 2025', 'part-time', 21);
insert into DegreeAudit (auditID, startTerm, gradTerm, status, advisorID) values (24, 'Fall 2021', 'Spring 2024', 'full-time', 28);
insert into DegreeAudit (auditID, startTerm, gradTerm, status, advisorID) values (25, 'Winter 2022', 'Spring 2025', 'full-time', 22);
insert into DegreeAudit (auditID, startTerm, gradTerm, status, advisorID) values (26, 'Winter 2022', 'Fall 2024', 'on leave', 17);
insert into DegreeAudit (auditID, startTerm, gradTerm, status, advisorID) values (27, 'Winter 2022', 'Spring 2025', 'on leave', 15);
insert into DegreeAudit (auditID, startTerm, gradTerm, status, advisorID) values (28, 'Fall 2021', 'Spring 2026', 'part-time', 13);
insert into DegreeAudit (auditID, startTerm, gradTerm, status, advisorID) values (29, 'Winter 2022', 'Spring 2024', 'part-time', 14);
insert into DegreeAudit (auditID, startTerm, gradTerm, status, advisorID) values (30, 'Fall 2021', 'Fall 2024', 'on leave', 4);
insert into DegreeAudit (auditID, startTerm, gradTerm, status, advisorID) values (31, 'Fall 2021', 'Fall 2024', 'part-time', 7);
insert into DegreeAudit (auditID, startTerm, gradTerm, status, advisorID) values (32, 'Winter 2022', 'Spring 2025', 'part-time', 17);
insert into DegreeAudit (auditID, startTerm, gradTerm, status, advisorID) values (33, 'Summer 2022', 'Fall 2025', 'full-time', 16);
insert into DegreeAudit (auditID, startTerm, gradTerm, status, advisorID) values (34, 'Summer 2022', 'Spring 2026', 'part-time', 21);
insert into DegreeAudit (auditID, startTerm, gradTerm, status, advisorID) values (35, 'Fall 2021', 'Fall 2025', 'full-time', 20);
insert into DegreeAudit (auditID, startTerm, gradTerm, status, advisorID) values (36, 'Fall 2021', 'Fall 2026', 'part-time', 15);
insert into DegreeAudit (auditID, startTerm, gradTerm, status, advisorID) values (37, 'Winter 2022', 'Fall 2026', 'on leave', 15);
insert into DegreeAudit (auditID, startTerm, gradTerm, status, advisorID) values (38, 'Summer 2022', 'Spring 2024', 'full-time', 4);
insert into DegreeAudit (auditID, startTerm, gradTerm, status, advisorID) values (39, 'Winter 2022', 'Spring 2027', 'part-time', 9);
insert into DegreeAudit (auditID, startTerm, gradTerm, status, advisorID) values (40, 'Winter 2022', 'Spring 2027', 'full-time', 20);
insert into DegreeAudit (auditID, startTerm, gradTerm, status, advisorID) values (41, 'Fall 2021', 'Fall 2026', 'full-time', 12);
insert into DegreeAudit (auditID, startTerm, gradTerm, status, advisorID) values (42, 'Winter 2022', 'Spring 2027', 'full-time', 28);
insert into DegreeAudit (auditID, startTerm, gradTerm, status, advisorID) values (43, 'Winter 2022', 'Fall 2025', 'part-time', 7);
insert into DegreeAudit (auditID, startTerm, gradTerm, status, advisorID) values (44, 'Summer 2022', 'Spring 2025', 'full-time', 11);
insert into DegreeAudit (auditID, startTerm, gradTerm, status, advisorID) values (45, 'Winter 2022', 'Spring 2024', 'full-time', 28);
insert into DegreeAudit (auditID, startTerm, gradTerm, status, advisorID) values (46, 'Summer 2022', 'Fall 2025', 'on leave', 15);
insert into DegreeAudit (auditID, startTerm, gradTerm, status, advisorID) values (47, 'Summer 2022', 'Fall 2023', 'part-time', 5);
insert into DegreeAudit (auditID, startTerm, gradTerm, status, advisorID) values (48, 'Winter 2022', 'Spring 2026', 'on leave', 9);
insert into DegreeAudit (auditID, startTerm, gradTerm, status, advisorID) values (49, 'Winter 2022', 'Fall 2023', 'on leave', 3);
insert into DegreeAudit (auditID, startTerm, gradTerm, status, advisorID) values (50, 'Winter 2022', 'Fall 2023', 'part-time', 2);
insert into DegreeAudit (auditID, startTerm, gradTerm, status, advisorID) values (51, 'Winter 2022', 'Spring 2027', 'part-time', 1);
insert into DegreeAudit (auditID, startTerm, gradTerm, status, advisorID) values (52, 'Winter 2022', 'Spring 2024', 'part-time', 25);
insert into DegreeAudit (auditID, startTerm, gradTerm, status, advisorID) values (53, 'Winter 2022', 'Spring 2024', 'on leave', 28);
insert into DegreeAudit (auditID, startTerm, gradTerm, status, advisorID) values (54, 'Fall 2021', 'Fall 2023', 'part-time', 20);
insert into DegreeAudit (auditID, startTerm, gradTerm, status, advisorID) values (55, 'Summer 2022', 'Fall 2023', 'part-time', 5);
insert into DegreeAudit (auditID, startTerm, gradTerm, status, advisorID) values (56, 'Summer 2022', 'Spring 2027', 'full-time', 11);
insert into DegreeAudit (auditID, startTerm, gradTerm, status, advisorID) values (57, 'Winter 2022', 'Fall 2024', 'full-time', 1);
insert into DegreeAudit (auditID, startTerm, gradTerm, status, advisorID) values (58, 'Fall 2021', 'Fall 2024', 'on leave', 23);
insert into DegreeAudit (auditID, startTerm, gradTerm, status, advisorID) values (59, 'Winter 2022', 'Fall 2025', 'on leave', 21);
insert into DegreeAudit (auditID, startTerm, gradTerm, status, advisorID) values (60, 'Summer 2022', 'Spring 2027', 'part-time', 30);

-- RegistarCourseBridge
insert into RegistarCourseBridge (courseID, registarID) values (42, 11);
insert into RegistarCourseBridge (courseID, registarID) values (58, 15);
insert into RegistarCourseBridge (courseID, registarID) values (43, 42);
insert into RegistarCourseBridge (courseID, registarID) values (41, 10);
insert into RegistarCourseBridge (courseID, registarID) values (52, 59);
insert into RegistarCourseBridge (courseID, registarID) values (60, 45);
insert into RegistarCourseBridge (courseID, registarID) values (23, 24);
insert into RegistarCourseBridge (courseID, registarID) values (10, 22);
insert into RegistarCourseBridge (courseID, registarID) values (53, 5);
insert into RegistarCourseBridge (courseID, registarID) values (15, 59);
insert into RegistarCourseBridge (courseID, registarID) values (49, 56);
insert into RegistarCourseBridge (courseID, registarID) values (60, 23);
insert into RegistarCourseBridge (courseID, registarID) values (2, 13);
insert into RegistarCourseBridge (courseID, registarID) values (26, 29);
insert into RegistarCourseBridge (courseID, registarID) values (56, 9);
insert into RegistarCourseBridge (courseID, registarID) values (49, 14);
insert into RegistarCourseBridge (courseID, registarID) values (30, 8);
insert into RegistarCourseBridge (courseID, registarID) values (43, 48);
insert into RegistarCourseBridge (courseID, registarID) values (23, 53);
insert into RegistarCourseBridge (courseID, registarID) values (24, 47);
insert into RegistarCourseBridge (courseID, registarID) values (60, 50);
insert into RegistarCourseBridge (courseID, registarID) values (27, 9);
insert into RegistarCourseBridge (courseID, registarID) values (6, 28);
insert into RegistarCourseBridge (courseID, registarID) values (49, 7);
insert into RegistarCourseBridge (courseID, registarID) values (29, 53);
insert into RegistarCourseBridge (courseID, registarID) values (33, 51);
insert into RegistarCourseBridge (courseID, registarID) values (23, 46);
insert into RegistarCourseBridge (courseID, registarID) values (28, 4);
insert into RegistarCourseBridge (courseID, registarID) values (44, 9);
insert into RegistarCourseBridge (courseID, registarID) values (27, 52);
insert into RegistarCourseBridge (courseID, registarID) values (16, 27);
insert into RegistarCourseBridge (courseID, registarID) values (23, 11);
insert into RegistarCourseBridge (courseID, registarID) values (51, 35);
insert into RegistarCourseBridge (courseID, registarID) values (47, 3);
insert into RegistarCourseBridge (courseID, registarID) values (13, 10);
insert into RegistarCourseBridge (courseID, registarID) values (19, 15);
insert into RegistarCourseBridge (courseID, registarID) values (55, 11);
insert into RegistarCourseBridge (courseID, registarID) values (17, 12);
insert into RegistarCourseBridge (courseID, registarID) values (32, 53);
insert into RegistarCourseBridge (courseID, registarID) values (57, 38);
insert into RegistarCourseBridge (courseID, registarID) values (24, 7);
insert into RegistarCourseBridge (courseID, registarID) values (38, 58);
insert into RegistarCourseBridge (courseID, registarID) values (44, 26);
insert into RegistarCourseBridge (courseID, registarID) values (34, 55);
insert into RegistarCourseBridge (courseID, registarID) values (18, 18);
insert into RegistarCourseBridge (courseID, registarID) values (60, 15);
insert into RegistarCourseBridge (courseID, registarID) values (31, 51);
insert into RegistarCourseBridge (courseID, registarID) values (25, 10);
insert into RegistarCourseBridge (courseID, registarID) values (40, 22);
insert into RegistarCourseBridge (courseID, registarID) values (59, 46);
insert into RegistarCourseBridge (courseID, registarID) values (52, 38);
insert into RegistarCourseBridge (courseID, registarID) values (2, 50);
insert into RegistarCourseBridge (courseID, registarID) values (33, 52);
insert into RegistarCourseBridge (courseID, registarID) values (37, 23);
insert into RegistarCourseBridge (courseID, registarID) values (21, 40);
insert into RegistarCourseBridge (courseID, registarID) values (49, 6);
insert into RegistarCourseBridge (courseID, registarID) values (51, 16);
insert into RegistarCourseBridge (courseID, registarID) values (21, 33);
insert into RegistarCourseBridge (courseID, registarID) values (7, 39);
insert into RegistarCourseBridge (courseID, registarID) values (4, 13);
insert into RegistarCourseBridge (courseID, registarID) values (56, 27);
insert into RegistarCourseBridge (courseID, registarID) values (22, 19);
insert into RegistarCourseBridge (courseID, registarID) values (18, 41);
insert into RegistarCourseBridge (courseID, registarID) values (45, 27);
insert into RegistarCourseBridge (courseID, registarID) values (45, 7);
insert into RegistarCourseBridge (courseID, registarID) values (10, 1);
insert into RegistarCourseBridge (courseID, registarID) values (47, 44);
insert into RegistarCourseBridge (courseID, registarID) values (3, 35);
insert into RegistarCourseBridge (courseID, registarID) values (21, 13);
insert into RegistarCourseBridge (courseID, registarID) values (24, 45);
insert into RegistarCourseBridge (courseID, registarID) values (39, 12);
insert into RegistarCourseBridge (courseID, registarID) values (7, 31);
insert into RegistarCourseBridge (courseID, registarID) values (21, 56);
insert into RegistarCourseBridge (courseID, registarID) values (27, 57);
insert into RegistarCourseBridge (courseID, registarID) values (52, 34);
insert into RegistarCourseBridge (courseID, registarID) values (26, 1);
insert into RegistarCourseBridge (courseID, registarID) values (60, 36);
insert into RegistarCourseBridge (courseID, registarID) values (34, 34);
insert into RegistarCourseBridge (courseID, registarID) values (58, 55);
insert into RegistarCourseBridge (courseID, registarID) values (12, 56);
insert into RegistarCourseBridge (courseID, registarID) values (13, 29);
insert into RegistarCourseBridge (courseID, registarID) values (3, 46);
insert into RegistarCourseBridge (courseID, registarID) values (19, 36);
insert into RegistarCourseBridge (courseID, registarID) values (40, 33);
insert into RegistarCourseBridge (courseID, registarID) values (42, 1);
insert into RegistarCourseBridge (courseID, registarID) values (10, 12);
insert into RegistarCourseBridge (courseID, registarID) values (22, 42);
insert into RegistarCourseBridge (courseID, registarID) values (19, 60);
insert into RegistarCourseBridge (courseID, registarID) values (44, 44);
insert into RegistarCourseBridge (courseID, registarID) values (46, 34);
insert into RegistarCourseBridge (courseID, registarID) values (30, 15);
insert into RegistarCourseBridge (courseID, registarID) values (10, 11);
insert into RegistarCourseBridge (courseID, registarID) values (21, 55);
insert into RegistarCourseBridge (courseID, registarID) values (55, 3);
insert into RegistarCourseBridge (courseID, registarID) values (12, 54);
insert into RegistarCourseBridge (courseID, registarID) values (12, 16);
insert into RegistarCourseBridge (courseID, registarID) values (43, 6);
insert into RegistarCourseBridge (courseID, registarID) values (52, 41);
insert into RegistarCourseBridge (courseID, registarID) values (57, 35);
insert into RegistarCourseBridge (courseID, registarID) values (6, 8);
insert into RegistarCourseBridge (courseID, registarID) values (48, 24);
insert into RegistarCourseBridge (courseID, registarID) values (26, 31);
insert into RegistarCourseBridge (courseID, registarID) values (25, 28);
insert into RegistarCourseBridge (courseID, registarID) values (51, 59);
insert into RegistarCourseBridge (courseID, registarID) values (3, 41);
insert into RegistarCourseBridge (courseID, registarID) values (41, 49);
insert into RegistarCourseBridge (courseID, registarID) values (27, 38);
insert into RegistarCourseBridge (courseID, registarID) values (17, 7);
insert into RegistarCourseBridge (courseID, registarID) values (59, 40);
insert into RegistarCourseBridge (courseID, registarID) values (17, 42);
insert into RegistarCourseBridge (courseID, registarID) values (25, 60);
insert into RegistarCourseBridge (courseID, registarID) values (47, 40);
insert into RegistarCourseBridge (courseID, registarID) values (58, 34);
insert into RegistarCourseBridge (courseID, registarID) values (5, 15);
insert into RegistarCourseBridge (courseID, registarID) values (14, 40);
insert into RegistarCourseBridge (courseID, registarID) values (8, 28);
insert into RegistarCourseBridge (courseID, registarID) values (28, 19);
insert into RegistarCourseBridge (courseID, registarID) values (60, 53);
insert into RegistarCourseBridge (courseID, registarID) values (9, 4);
insert into RegistarCourseBridge (courseID, registarID) values (27, 50);
insert into RegistarCourseBridge (courseID, registarID) values (19, 24);
insert into RegistarCourseBridge (courseID, registarID) values (34, 41);
insert into RegistarCourseBridge (courseID, registarID) values (39, 33);
insert into RegistarCourseBridge (courseID, registarID) values (55, 13);
insert into RegistarCourseBridge (courseID, registarID) values (33, 46);
insert into RegistarCourseBridge (courseID, registarID) values (5, 28);
insert into RegistarCourseBridge (courseID, registarID) values (4, 23);
insert into RegistarCourseBridge (courseID, registarID) values (53, 10);
insert into RegistarCourseBridge (courseID, registarID) values (50, 8);
insert into RegistarCourseBridge (courseID, registarID) values (10, 58);
insert into RegistarCourseBridge (courseID, registarID) values (7, 4);
insert into RegistarCourseBridge (courseID, registarID) values (9, 3);
insert into RegistarCourseBridge (courseID, registarID) values (44, 57);
insert into RegistarCourseBridge (courseID, registarID) values (8, 1);
insert into RegistarCourseBridge (courseID, registarID) values (21, 16);
insert into RegistarCourseBridge (courseID, registarID) values (24, 32);
insert into RegistarCourseBridge (courseID, registarID) values (29, 48);
insert into RegistarCourseBridge (courseID, registarID) values (58, 32);
insert into RegistarCourseBridge (courseID, registarID) values (32, 44);
insert into RegistarCourseBridge (courseID, registarID) values (53, 42);
insert into RegistarCourseBridge (courseID, registarID) values (28, 6);
insert into RegistarCourseBridge (courseID, registarID) values (16, 60);
insert into RegistarCourseBridge (courseID, registarID) values (12, 36);
insert into RegistarCourseBridge (courseID, registarID) values (29, 7);
insert into RegistarCourseBridge (courseID, registarID) values (53, 26);
insert into RegistarCourseBridge (courseID, registarID) values (57, 58);
insert into RegistarCourseBridge (courseID, registarID) values (55, 9);
insert into RegistarCourseBridge (courseID, registarID) values (19, 1);
insert into RegistarCourseBridge (courseID, registarID) values (33, 10);
insert into RegistarCourseBridge (courseID, registarID) values (43, 11);
insert into RegistarCourseBridge (courseID, registarID) values (50, 45);
insert into RegistarCourseBridge (courseID, registarID) values (33, 48);
insert into RegistarCourseBridge (courseID, registarID) values (27, 22);
insert into RegistarCourseBridge (courseID, registarID) values (44, 35);
insert into RegistarCourseBridge (courseID, registarID) values (21, 3);
insert into RegistarCourseBridge (courseID, registarID) values (7, 24);
insert into RegistarCourseBridge (courseID, registarID) values (13, 9);
insert into RegistarCourseBridge (courseID, registarID) values (55, 2);
insert into RegistarCourseBridge (courseID, registarID) values (17, 21);
insert into RegistarCourseBridge (courseID, registarID) values (27, 20);
insert into RegistarCourseBridge (courseID, registarID) values (45, 54);
insert into RegistarCourseBridge (courseID, registarID) values (59, 25);
insert into RegistarCourseBridge (courseID, registarID) values (59, 37);
insert into RegistarCourseBridge (courseID, registarID) values (55, 20);
insert into RegistarCourseBridge (courseID, registarID) values (11, 41);
insert into RegistarCourseBridge (courseID, registarID) values (21, 34);
insert into RegistarCourseBridge (courseID, registarID) values (56, 25);
insert into RegistarCourseBridge (courseID, registarID) values (42, 7);
insert into RegistarCourseBridge (courseID, registarID) values (42, 53);
insert into RegistarCourseBridge (courseID, registarID) values (50, 48);
insert into RegistarCourseBridge (courseID, registarID) values (38, 47);
insert into RegistarCourseBridge (courseID, registarID) values (46, 50);
insert into RegistarCourseBridge (courseID, registarID) values (13, 55);
insert into RegistarCourseBridge (courseID, registarID) values (53, 50);
insert into RegistarCourseBridge (courseID, registarID) values (33, 60);
insert into RegistarCourseBridge (courseID, registarID) values (49, 23);
insert into RegistarCourseBridge (courseID, registarID) values (59, 59);
insert into RegistarCourseBridge (courseID, registarID) values (3, 12);
insert into RegistarCourseBridge (courseID, registarID) values (30, 49);
insert into RegistarCourseBridge (courseID, registarID) values (42, 49);
insert into RegistarCourseBridge (courseID, registarID) values (3, 56);
insert into RegistarCourseBridge (courseID, registarID) values (6, 26);
insert into RegistarCourseBridge (courseID, registarID) values (14, 24);
insert into RegistarCourseBridge (courseID, registarID) values (34, 48);
insert into RegistarCourseBridge (courseID, registarID) values (43, 10);
insert into RegistarCourseBridge (courseID, registarID) values (24, 15);
insert into RegistarCourseBridge (courseID, registarID) values (27, 18);
insert into RegistarCourseBridge (courseID, registarID) values (51, 12);
insert into RegistarCourseBridge (courseID, registarID) values (23, 8);
insert into RegistarCourseBridge (courseID, registarID) values (59, 16);
insert into RegistarCourseBridge (courseID, registarID) values (18, 27);
insert into RegistarCourseBridge (courseID, registarID) values (11, 34);
insert into RegistarCourseBridge (courseID, registarID) values (53, 21);
insert into RegistarCourseBridge (courseID, registarID) values (31, 14);
insert into RegistarCourseBridge (courseID, registarID) values (33, 49);
insert into RegistarCourseBridge (courseID, registarID) values (47, 24);
insert into RegistarCourseBridge (courseID, registarID) values (19, 13);
insert into RegistarCourseBridge (courseID, registarID) values (32, 36);
insert into RegistarCourseBridge (courseID, registarID) values (10, 15);
insert into RegistarCourseBridge (courseID, registarID) values (5, 54);

-- RegistarDepBridge
insert into RegistarDepBridge (departmentKey, RegistarID) values (39, 13);
insert into RegistarDepBridge (departmentKey, RegistarID) values (18, 10);
insert into RegistarDepBridge (departmentKey, RegistarID) values (39, 32);
insert into RegistarDepBridge (departmentKey, RegistarID) values (11, 11);
insert into RegistarDepBridge (departmentKey, RegistarID) values (13, 52);
insert into RegistarDepBridge (departmentKey, RegistarID) values (35, 24);
insert into RegistarDepBridge (departmentKey, RegistarID) values (36, 3);
insert into RegistarDepBridge (departmentKey, RegistarID) values (60, 6);
insert into RegistarDepBridge (departmentKey, RegistarID) values (32, 56);
insert into RegistarDepBridge (departmentKey, RegistarID) values (41, 7);
insert into RegistarDepBridge (departmentKey, RegistarID) values (38, 40);
insert into RegistarDepBridge (departmentKey, RegistarID) values (40, 34);
insert into RegistarDepBridge (departmentKey, RegistarID) values (49, 25);
insert into RegistarDepBridge (departmentKey, RegistarID) values (39, 35);
insert into RegistarDepBridge (departmentKey, RegistarID) values (47, 2);
insert into RegistarDepBridge (departmentKey, RegistarID) values (22, 1);
insert into RegistarDepBridge (departmentKey, RegistarID) values (57, 51);
insert into RegistarDepBridge (departmentKey, RegistarID) values (18, 57);
insert into RegistarDepBridge (departmentKey, RegistarID) values (20, 26);
insert into RegistarDepBridge (departmentKey, RegistarID) values (27, 31);
insert into RegistarDepBridge (departmentKey, RegistarID) values (59, 32);
insert into RegistarDepBridge (departmentKey, RegistarID) values (55, 27);
insert into RegistarDepBridge (departmentKey, RegistarID) values (49, 3);
insert into RegistarDepBridge (departmentKey, RegistarID) values (19, 8);
insert into RegistarDepBridge (departmentKey, RegistarID) values (43, 1);
insert into RegistarDepBridge (departmentKey, RegistarID) values (20, 41);
insert into RegistarDepBridge (departmentKey, RegistarID) values (5, 27);
insert into RegistarDepBridge (departmentKey, RegistarID) values (24, 26);
insert into RegistarDepBridge (departmentKey, RegistarID) values (58, 3);
insert into RegistarDepBridge (departmentKey, RegistarID) values (57, 21);
insert into RegistarDepBridge (departmentKey, RegistarID) values (51, 12);
insert into RegistarDepBridge (departmentKey, RegistarID) values (13, 17);
insert into RegistarDepBridge (departmentKey, RegistarID) values (29, 6);
insert into RegistarDepBridge (departmentKey, RegistarID) values (12, 52);
insert into RegistarDepBridge (departmentKey, RegistarID) values (3, 33);
insert into RegistarDepBridge (departmentKey, RegistarID) values (3, 2);
insert into RegistarDepBridge (departmentKey, RegistarID) values (50, 1);
insert into RegistarDepBridge (departmentKey, RegistarID) values (48, 49);
insert into RegistarDepBridge (departmentKey, RegistarID) values (58, 54);
insert into RegistarDepBridge (departmentKey, RegistarID) values (45, 3);
insert into RegistarDepBridge (departmentKey, RegistarID) values (6, 45);
insert into RegistarDepBridge (departmentKey, RegistarID) values (7, 21);
insert into RegistarDepBridge (departmentKey, RegistarID) values (39, 31);
insert into RegistarDepBridge (departmentKey, RegistarID) values (34, 19);
insert into RegistarDepBridge (departmentKey, RegistarID) values (25, 41);
insert into RegistarDepBridge (departmentKey, RegistarID) values (54, 36);
insert into RegistarDepBridge (departmentKey, RegistarID) values (24, 24);
insert into RegistarDepBridge (departmentKey, RegistarID) values (40, 36);
insert into RegistarDepBridge (departmentKey, RegistarID) values (1, 47);
insert into RegistarDepBridge (departmentKey, RegistarID) values (60, 36);
insert into RegistarDepBridge (departmentKey, RegistarID) values (28, 26);
insert into RegistarDepBridge (departmentKey, RegistarID) values (43, 19);
insert into RegistarDepBridge (departmentKey, RegistarID) values (13, 41);
insert into RegistarDepBridge (departmentKey, RegistarID) values (11, 12);
insert into RegistarDepBridge (departmentKey, RegistarID) values (38, 35);
insert into RegistarDepBridge (departmentKey, RegistarID) values (46, 60);
insert into RegistarDepBridge (departmentKey, RegistarID) values (40, 16);
insert into RegistarDepBridge (departmentKey, RegistarID) values (36, 33);
insert into RegistarDepBridge (departmentKey, RegistarID) values (17, 34);
insert into RegistarDepBridge (departmentKey, RegistarID) values (9, 14);
insert into RegistarDepBridge (departmentKey, RegistarID) values (47, 16);
insert into RegistarDepBridge (departmentKey, RegistarID) values (31, 35);
insert into RegistarDepBridge (departmentKey, RegistarID) values (54, 19);
insert into RegistarDepBridge (departmentKey, RegistarID) values (21, 29);
insert into RegistarDepBridge (departmentKey, RegistarID) values (44, 50);
insert into RegistarDepBridge (departmentKey, RegistarID) values (33, 47);
insert into RegistarDepBridge (departmentKey, RegistarID) values (6, 28);
insert into RegistarDepBridge (departmentKey, RegistarID) values (2, 36);
insert into RegistarDepBridge (departmentKey, RegistarID) values (30, 7);
insert into RegistarDepBridge (departmentKey, RegistarID) values (55, 36);
insert into RegistarDepBridge (departmentKey, RegistarID) values (55, 35);
insert into RegistarDepBridge (departmentKey, RegistarID) values (5, 5);
insert into RegistarDepBridge (departmentKey, RegistarID) values (41, 11);
insert into RegistarDepBridge (departmentKey, RegistarID) values (2, 32);
insert into RegistarDepBridge (departmentKey, RegistarID) values (32, 9);
insert into RegistarDepBridge (departmentKey, RegistarID) values (27, 30);
insert into RegistarDepBridge (departmentKey, RegistarID) values (30, 40);
insert into RegistarDepBridge (departmentKey, RegistarID) values (12, 17);
insert into RegistarDepBridge (departmentKey, RegistarID) values (5, 42);
insert into RegistarDepBridge (departmentKey, RegistarID) values (6, 46);
insert into RegistarDepBridge (departmentKey, RegistarID) values (1, 33);
insert into RegistarDepBridge (departmentKey, RegistarID) values (22, 33);
insert into RegistarDepBridge (departmentKey, RegistarID) values (22, 19);
insert into RegistarDepBridge (departmentKey, RegistarID) values (45, 36);
insert into RegistarDepBridge (departmentKey, RegistarID) values (55, 7);
insert into RegistarDepBridge (departmentKey, RegistarID) values (41, 6);
insert into RegistarDepBridge (departmentKey, RegistarID) values (30, 8);
insert into RegistarDepBridge (departmentKey, RegistarID) values (45, 18);
insert into RegistarDepBridge (departmentKey, RegistarID) values (44, 20);
insert into RegistarDepBridge (departmentKey, RegistarID) values (22, 18);
insert into RegistarDepBridge (departmentKey, RegistarID) values (41, 2);
insert into RegistarDepBridge (departmentKey, RegistarID) values (12, 56);
insert into RegistarDepBridge (departmentKey, RegistarID) values (11, 8);
insert into RegistarDepBridge (departmentKey, RegistarID) values (52, 1);
insert into RegistarDepBridge (departmentKey, RegistarID) values (18, 35);
insert into RegistarDepBridge (departmentKey, RegistarID) values (15, 42);
insert into RegistarDepBridge (departmentKey, RegistarID) values (24, 7);
insert into RegistarDepBridge (departmentKey, RegistarID) values (16, 11);
insert into RegistarDepBridge (departmentKey, RegistarID) values (36, 40);
insert into RegistarDepBridge (departmentKey, RegistarID) values (21, 57);
insert into RegistarDepBridge (departmentKey, RegistarID) values (43, 38);
insert into RegistarDepBridge (departmentKey, RegistarID) values (35, 36);
insert into RegistarDepBridge (departmentKey, RegistarID) values (47, 27);
insert into RegistarDepBridge (departmentKey, RegistarID) values (56, 10);
insert into RegistarDepBridge (departmentKey, RegistarID) values (57, 35);
insert into RegistarDepBridge (departmentKey, RegistarID) values (8, 33);
insert into RegistarDepBridge (departmentKey, RegistarID) values (45, 55);
insert into RegistarDepBridge (departmentKey, RegistarID) values (60, 2);
insert into RegistarDepBridge (departmentKey, RegistarID) values (13, 55);
insert into RegistarDepBridge (departmentKey, RegistarID) values (45, 51);
insert into RegistarDepBridge (departmentKey, RegistarID) values (14, 17);
insert into RegistarDepBridge (departmentKey, RegistarID) values (2, 6);
insert into RegistarDepBridge (departmentKey, RegistarID) values (29, 41);
insert into RegistarDepBridge (departmentKey, RegistarID) values (26, 18);
insert into RegistarDepBridge (departmentKey, RegistarID) values (34, 12);
insert into RegistarDepBridge (departmentKey, RegistarID) values (39, 19);
insert into RegistarDepBridge (departmentKey, RegistarID) values (28, 2);
insert into RegistarDepBridge (departmentKey, RegistarID) values (5, 45);
insert into RegistarDepBridge (departmentKey, RegistarID) values (44, 46);
insert into RegistarDepBridge (departmentKey, RegistarID) values (12, 37);
insert into RegistarDepBridge (departmentKey, RegistarID) values (53, 59);
insert into RegistarDepBridge (departmentKey, RegistarID) values (41, 31);
insert into RegistarDepBridge (departmentKey, RegistarID) values (21, 53);
insert into RegistarDepBridge (departmentKey, RegistarID) values (55, 23);
insert into RegistarDepBridge (departmentKey, RegistarID) values (54, 58);
insert into RegistarDepBridge (departmentKey, RegistarID) values (48, 48);
insert into RegistarDepBridge (departmentKey, RegistarID) values (46, 31);
insert into RegistarDepBridge (departmentKey, RegistarID) values (42, 55);
insert into RegistarDepBridge (departmentKey, RegistarID) values (57, 6);
insert into RegistarDepBridge (departmentKey, RegistarID) values (35, 44);
insert into RegistarDepBridge (departmentKey, RegistarID) values (49, 14);
insert into RegistarDepBridge (departmentKey, RegistarID) values (22, 48);
insert into RegistarDepBridge (departmentKey, RegistarID) values (42, 36);
insert into RegistarDepBridge (departmentKey, RegistarID) values (2, 28);
insert into RegistarDepBridge (departmentKey, RegistarID) values (32, 47);
insert into RegistarDepBridge (departmentKey, RegistarID) values (29, 11);
insert into RegistarDepBridge (departmentKey, RegistarID) values (34, 46);
insert into RegistarDepBridge (departmentKey, RegistarID) values (26, 7);
insert into RegistarDepBridge (departmentKey, RegistarID) values (2, 59);
insert into RegistarDepBridge (departmentKey, RegistarID) values (46, 1);
insert into RegistarDepBridge (departmentKey, RegistarID) values (31, 16);
insert into RegistarDepBridge (departmentKey, RegistarID) values (37, 30);
insert into RegistarDepBridge (departmentKey, RegistarID) values (17, 22);
insert into RegistarDepBridge (departmentKey, RegistarID) values (5, 26);
insert into RegistarDepBridge (departmentKey, RegistarID) values (19, 38);
insert into RegistarDepBridge (departmentKey, RegistarID) values (3, 57);
insert into RegistarDepBridge (departmentKey, RegistarID) values (32, 5);
insert into RegistarDepBridge (departmentKey, RegistarID) values (48, 52);
insert into RegistarDepBridge (departmentKey, RegistarID) values (12, 38);
insert into RegistarDepBridge (departmentKey, RegistarID) values (12, 8);
insert into RegistarDepBridge (departmentKey, RegistarID) values (6, 10);
insert into RegistarDepBridge (departmentKey, RegistarID) values (36, 15);
insert into RegistarDepBridge (departmentKey, RegistarID) values (35, 34);
insert into RegistarDepBridge (departmentKey, RegistarID) values (7, 57);
insert into RegistarDepBridge (departmentKey, RegistarID) values (16, 32);
insert into RegistarDepBridge (departmentKey, RegistarID) values (15, 36);
insert into RegistarDepBridge (departmentKey, RegistarID) values (36, 22);
insert into RegistarDepBridge (departmentKey, RegistarID) values (25, 38);
insert into RegistarDepBridge (departmentKey, RegistarID) values (28, 39);
insert into RegistarDepBridge (departmentKey, RegistarID) values (49, 56);
insert into RegistarDepBridge (departmentKey, RegistarID) values (35, 25);
insert into RegistarDepBridge (departmentKey, RegistarID) values (5, 36);
insert into RegistarDepBridge (departmentKey, RegistarID) values (56, 20);
insert into RegistarDepBridge (departmentKey, RegistarID) values (14, 11);
insert into RegistarDepBridge (departmentKey, RegistarID) values (57, 55);
insert into RegistarDepBridge (departmentKey, RegistarID) values (14, 10);
insert into RegistarDepBridge (departmentKey, RegistarID) values (12, 7);
insert into RegistarDepBridge (departmentKey, RegistarID) values (33, 6);
insert into RegistarDepBridge (departmentKey, RegistarID) values (41, 10);
insert into RegistarDepBridge (departmentKey, RegistarID) values (42, 20);
insert into RegistarDepBridge (departmentKey, RegistarID) values (5, 25);
insert into RegistarDepBridge (departmentKey, RegistarID) values (56, 44);
insert into RegistarDepBridge (departmentKey, RegistarID) values (45, 33);
insert into RegistarDepBridge (departmentKey, RegistarID) values (59, 38);
insert into RegistarDepBridge (departmentKey, RegistarID) values (10, 11);
insert into RegistarDepBridge (departmentKey, RegistarID) values (24, 6);
insert into RegistarDepBridge (departmentKey, RegistarID) values (31, 44);
insert into RegistarDepBridge (departmentKey, RegistarID) values (41, 45);
insert into RegistarDepBridge (departmentKey, RegistarID) values (25, 47);
insert into RegistarDepBridge (departmentKey, RegistarID) values (35, 49);
insert into RegistarDepBridge (departmentKey, RegistarID) values (49, 38);
insert into RegistarDepBridge (departmentKey, RegistarID) values (40, 44);
insert into RegistarDepBridge (departmentKey, RegistarID) values (36, 12);
insert into RegistarDepBridge (departmentKey, RegistarID) values (25, 27);
insert into RegistarDepBridge (departmentKey, RegistarID) values (51, 44);
insert into RegistarDepBridge (departmentKey, RegistarID) values (51, 1);
insert into RegistarDepBridge (departmentKey, RegistarID) values (25, 20);
insert into RegistarDepBridge (departmentKey, RegistarID) values (25, 58);
insert into RegistarDepBridge (departmentKey, RegistarID) values (34, 17);
insert into RegistarDepBridge (departmentKey, RegistarID) values (48, 23);
insert into RegistarDepBridge (departmentKey, RegistarID) values (41, 42);
insert into RegistarDepBridge (departmentKey, RegistarID) values (25, 25);
insert into RegistarDepBridge (departmentKey, RegistarID) values (2, 38);
insert into RegistarDepBridge (departmentKey, RegistarID) values (46, 29);
insert into RegistarDepBridge (departmentKey, RegistarID) values (15, 52);
insert into RegistarDepBridge (departmentKey, RegistarID) values (35, 48);
insert into RegistarDepBridge (departmentKey, RegistarID) values (60, 34);
insert into RegistarDepBridge (departmentKey, RegistarID) values (29, 4);
insert into RegistarDepBridge (departmentKey, RegistarID) values (14, 26);
insert into RegistarDepBridge (departmentKey, RegistarID) values (3, 29);

-- StudentDepartment
insert into StudentDepartment (studentID, departmentKey) values (42, 52);
insert into StudentDepartment (studentID, departmentKey) values (46, 46);
insert into StudentDepartment (studentID, departmentKey) values (58, 41);
insert into StudentDepartment (studentID, departmentKey) values (19, 6);
insert into StudentDepartment (studentID, departmentKey) values (18, 20);
insert into StudentDepartment (studentID, departmentKey) values (58, 47);
insert into StudentDepartment (studentID, departmentKey) values (23, 54);
insert into StudentDepartment (studentID, departmentKey) values (5, 50);
insert into StudentDepartment (studentID, departmentKey) values (32, 18);
insert into StudentDepartment (studentID, departmentKey) values (25, 30);
insert into StudentDepartment (studentID, departmentKey) values (46, 24);
insert into StudentDepartment (studentID, departmentKey) values (7, 16);
insert into StudentDepartment (studentID, departmentKey) values (53, 45);
insert into StudentDepartment (studentID, departmentKey) values (29, 9);
insert into StudentDepartment (studentID, departmentKey) values (31, 49);
insert into StudentDepartment (studentID, departmentKey) values (1, 46);
insert into StudentDepartment (studentID, departmentKey) values (48, 46);
insert into StudentDepartment (studentID, departmentKey) values (32, 59);
insert into StudentDepartment (studentID, departmentKey) values (60, 25);
insert into StudentDepartment (studentID, departmentKey) values (47, 48);
insert into StudentDepartment (studentID, departmentKey) values (45, 37);
insert into StudentDepartment (studentID, departmentKey) values (45, 35);
insert into StudentDepartment (studentID, departmentKey) values (28, 13);
insert into StudentDepartment (studentID, departmentKey) values (55, 37);
insert into StudentDepartment (studentID, departmentKey) values (37, 52);
insert into StudentDepartment (studentID, departmentKey) values (58, 10);
insert into StudentDepartment (studentID, departmentKey) values (55, 35);
insert into StudentDepartment (studentID, departmentKey) values (21, 56);
insert into StudentDepartment (studentID, departmentKey) values (3, 24);
insert into StudentDepartment (studentID, departmentKey) values (39, 1);
insert into StudentDepartment (studentID, departmentKey) values (15, 51);
insert into StudentDepartment (studentID, departmentKey) values (5, 21);
insert into StudentDepartment (studentID, departmentKey) values (4, 56);
insert into StudentDepartment (studentID, departmentKey) values (26, 6);
insert into StudentDepartment (studentID, departmentKey) values (3, 31);
insert into StudentDepartment (studentID, departmentKey) values (9, 2);
insert into StudentDepartment (studentID, departmentKey) values (39, 5);
insert into StudentDepartment (studentID, departmentKey) values (35, 42);
insert into StudentDepartment (studentID, departmentKey) values (19, 10);
insert into StudentDepartment (studentID, departmentKey) values (27, 28);
insert into StudentDepartment (studentID, departmentKey) values (46, 21);
insert into StudentDepartment (studentID, departmentKey) values (47, 54);
insert into StudentDepartment (studentID, departmentKey) values (1, 26);
insert into StudentDepartment (studentID, departmentKey) values (2, 57);
insert into StudentDepartment (studentID, departmentKey) values (34, 29);
insert into StudentDepartment (studentID, departmentKey) values (44, 51);
insert into StudentDepartment (studentID, departmentKey) values (23, 47);
insert into StudentDepartment (studentID, departmentKey) values (22, 2);
insert into StudentDepartment (studentID, departmentKey) values (53, 51);
insert into StudentDepartment (studentID, departmentKey) values (44, 44);
insert into StudentDepartment (studentID, departmentKey) values (13, 14);
insert into StudentDepartment (studentID, departmentKey) values (8, 35);
insert into StudentDepartment (studentID, departmentKey) values (42, 29);
insert into StudentDepartment (studentID, departmentKey) values (34, 8);
insert into StudentDepartment (studentID, departmentKey) values (18, 36);
insert into StudentDepartment (studentID, departmentKey) values (12, 15);
insert into StudentDepartment (studentID, departmentKey) values (5, 55);
insert into StudentDepartment (studentID, departmentKey) values (17, 28);
insert into StudentDepartment (studentID, departmentKey) values (22, 18);
insert into StudentDepartment (studentID, departmentKey) values (4, 1);
insert into StudentDepartment (studentID, departmentKey) values (39, 58);
insert into StudentDepartment (studentID, departmentKey) values (54, 4);
insert into StudentDepartment (studentID, departmentKey) values (28, 40);
insert into StudentDepartment (studentID, departmentKey) values (33, 18);
insert into StudentDepartment (studentID, departmentKey) values (21, 59);
insert into StudentDepartment (studentID, departmentKey) values (52, 59);
insert into StudentDepartment (studentID, departmentKey) values (24, 37);
insert into StudentDepartment (studentID, departmentKey) values (52, 48);
insert into StudentDepartment (studentID, departmentKey) values (26, 37);
insert into StudentDepartment (studentID, departmentKey) values (28, 60);
insert into StudentDepartment (studentID, departmentKey) values (58, 52);
insert into StudentDepartment (studentID, departmentKey) values (1, 10);
insert into StudentDepartment (studentID, departmentKey) values (32, 12);
insert into StudentDepartment (studentID, departmentKey) values (33, 41);
insert into StudentDepartment (studentID, departmentKey) values (47, 10);
insert into StudentDepartment (studentID, departmentKey) values (6, 4);
insert into StudentDepartment (studentID, departmentKey) values (40, 16);
insert into StudentDepartment (studentID, departmentKey) values (39, 33);
insert into StudentDepartment (studentID, departmentKey) values (56, 9);
insert into StudentDepartment (studentID, departmentKey) values (51, 44);
insert into StudentDepartment (studentID, departmentKey) values (12, 42);
insert into StudentDepartment (studentID, departmentKey) values (42, 40);
insert into StudentDepartment (studentID, departmentKey) values (5, 54);
insert into StudentDepartment (studentID, departmentKey) values (37, 48);
insert into StudentDepartment (studentID, departmentKey) values (9, 52);
insert into StudentDepartment (studentID, departmentKey) values (9, 60);
insert into StudentDepartment (studentID, departmentKey) values (19, 58);
insert into StudentDepartment (studentID, departmentKey) values (41, 46);
insert into StudentDepartment (studentID, departmentKey) values (26, 44);
insert into StudentDepartment (studentID, departmentKey) values (45, 36);
insert into StudentDepartment (studentID, departmentKey) values (40, 42);
insert into StudentDepartment (studentID, departmentKey) values (11, 21);
insert into StudentDepartment (studentID, departmentKey) values (14, 41);
insert into StudentDepartment (studentID, departmentKey) values (33, 45);
insert into StudentDepartment (studentID, departmentKey) values (55, 28);
insert into StudentDepartment (studentID, departmentKey) values (60, 9);
insert into StudentDepartment (studentID, departmentKey) values (20, 43);
insert into StudentDepartment (studentID, departmentKey) values (54, 34);
insert into StudentDepartment (studentID, departmentKey) values (44, 37);
insert into StudentDepartment (studentID, departmentKey) values (41, 52);
insert into StudentDepartment (studentID, departmentKey) values (17, 48);
insert into StudentDepartment (studentID, departmentKey) values (16, 20);
insert into StudentDepartment (studentID, departmentKey) values (29, 19);
insert into StudentDepartment (studentID, departmentKey) values (21, 28);
insert into StudentDepartment (studentID, departmentKey) values (32, 22);
insert into StudentDepartment (studentID, departmentKey) values (58, 42);
insert into StudentDepartment (studentID, departmentKey) values (16, 26);
insert into StudentDepartment (studentID, departmentKey) values (2, 17);
insert into StudentDepartment (studentID, departmentKey) values (51, 36);
insert into StudentDepartment (studentID, departmentKey) values (26, 35);
insert into StudentDepartment (studentID, departmentKey) values (9, 48);
insert into StudentDepartment (studentID, departmentKey) values (15, 60);
insert into StudentDepartment (studentID, departmentKey) values (57, 54);
insert into StudentDepartment (studentID, departmentKey) values (41, 56);
insert into StudentDepartment (studentID, departmentKey) values (24, 7);
insert into StudentDepartment (studentID, departmentKey) values (13, 31);
insert into StudentDepartment (studentID, departmentKey) values (50, 32);
insert into StudentDepartment (studentID, departmentKey) values (59, 37);
insert into StudentDepartment (studentID, departmentKey) values (12, 51);
insert into StudentDepartment (studentID, departmentKey) values (26, 28);
insert into StudentDepartment (studentID, departmentKey) values (18, 2);
insert into StudentDepartment (studentID, departmentKey) values (49, 17);
insert into StudentDepartment (studentID, departmentKey) values (21, 32);
insert into StudentDepartment (studentID, departmentKey) values (34, 59);
insert into StudentDepartment (studentID, departmentKey) values (2, 20);
insert into StudentDepartment (studentID, departmentKey) values (42, 51);
insert into StudentDepartment (studentID, departmentKey) values (48, 52);
insert into StudentDepartment (studentID, departmentKey) values (18, 3);
insert into StudentDepartment (studentID, departmentKey) values (12, 5);
insert into StudentDepartment (studentID, departmentKey) values (42, 42);
insert into StudentDepartment (studentID, departmentKey) values (34, 11);
insert into StudentDepartment (studentID, departmentKey) values (51, 10);
insert into StudentDepartment (studentID, departmentKey) values (22, 52);
insert into StudentDepartment (studentID, departmentKey) values (34, 2);
insert into StudentDepartment (studentID, departmentKey) values (35, 17);
insert into StudentDepartment (studentID, departmentKey) values (58, 24);
insert into StudentDepartment (studentID, departmentKey) values (49, 47);
insert into StudentDepartment (studentID, departmentKey) values (17, 26);
insert into StudentDepartment (studentID, departmentKey) values (57, 51);
insert into StudentDepartment (studentID, departmentKey) values (13, 29);
insert into StudentDepartment (studentID, departmentKey) values (11, 3);
insert into StudentDepartment (studentID, departmentKey) values (10, 49);
insert into StudentDepartment (studentID, departmentKey) values (11, 39);
insert into StudentDepartment (studentID, departmentKey) values (33, 48);
insert into StudentDepartment (studentID, departmentKey) values (21, 7);
insert into StudentDepartment (studentID, departmentKey) values (19, 16);
insert into StudentDepartment (studentID, departmentKey) values (39, 31);
insert into StudentDepartment (studentID, departmentKey) values (28, 12);
insert into StudentDepartment (studentID, departmentKey) values (59, 22);
insert into StudentDepartment (studentID, departmentKey) values (7, 3);
insert into StudentDepartment (studentID, departmentKey) values (31, 43);
insert into StudentDepartment (studentID, departmentKey) values (37, 35);
insert into StudentDepartment (studentID, departmentKey) values (45, 25);
insert into StudentDepartment (studentID, departmentKey) values (31, 52);
insert into StudentDepartment (studentID, departmentKey) values (23, 59);
insert into StudentDepartment (studentID, departmentKey) values (24, 11);
insert into StudentDepartment (studentID, departmentKey) values (40, 31);
insert into StudentDepartment (studentID, departmentKey) values (51, 29);
insert into StudentDepartment (studentID, departmentKey) values (53, 28);
insert into StudentDepartment (studentID, departmentKey) values (46, 19);
insert into StudentDepartment (studentID, departmentKey) values (39, 59);
insert into StudentDepartment (studentID, departmentKey) values (14, 8);
insert into StudentDepartment (studentID, departmentKey) values (52, 16);
insert into StudentDepartment (studentID, departmentKey) values (44, 46);
insert into StudentDepartment (studentID, departmentKey) values (37, 28);
insert into StudentDepartment (studentID, departmentKey) values (27, 18);
insert into StudentDepartment (studentID, departmentKey) values (38, 37);
insert into StudentDepartment (studentID, departmentKey) values (12, 27);
insert into StudentDepartment (studentID, departmentKey) values (43, 54);
insert into StudentDepartment (studentID, departmentKey) values (11, 30);
insert into StudentDepartment (studentID, departmentKey) values (20, 11);
insert into StudentDepartment (studentID, departmentKey) values (38, 26);
insert into StudentDepartment (studentID, departmentKey) values (53, 36);
insert into StudentDepartment (studentID, departmentKey) values (58, 2);
insert into StudentDepartment (studentID, departmentKey) values (59, 54);
insert into StudentDepartment (studentID, departmentKey) values (32, 46);
insert into StudentDepartment (studentID, departmentKey) values (47, 18);
insert into StudentDepartment (studentID, departmentKey) values (11, 40);
insert into StudentDepartment (studentID, departmentKey) values (9, 41);
insert into StudentDepartment (studentID, departmentKey) values (57, 30);
insert into StudentDepartment (studentID, departmentKey) values (43, 24);
insert into StudentDepartment (studentID, departmentKey) values (43, 16);
insert into StudentDepartment (studentID, departmentKey) values (25, 20);
insert into StudentDepartment (studentID, departmentKey) values (12, 47);
insert into StudentDepartment (studentID, departmentKey) values (6, 16);
insert into StudentDepartment (studentID, departmentKey) values (48, 2);
insert into StudentDepartment (studentID, departmentKey) values (6, 24);
insert into StudentDepartment (studentID, departmentKey) values (18, 44);
insert into StudentDepartment (studentID, departmentKey) values (18, 15);
insert into StudentDepartment (studentID, departmentKey) values (58, 27);
insert into StudentDepartment (studentID, departmentKey) values (50, 54);
insert into StudentDepartment (studentID, departmentKey) values (19, 20);
insert into StudentDepartment (studentID, departmentKey) values (54, 16);
insert into StudentDepartment (studentID, departmentKey) values (23, 33);
insert into StudentDepartment (studentID, departmentKey) values (13, 43);
insert into StudentDepartment (studentID, departmentKey) values (22, 3);
insert into StudentDepartment (studentID, departmentKey) values (28, 56);
insert into StudentDepartment (studentID, departmentKey) values (42, 23);
insert into StudentDepartment (studentID, departmentKey) values (46, 23);
insert into StudentDepartment (studentID, departmentKey) values (21, 44);

-- Academic_Policies
insert into Academic_Policies (PolicyID, CourseID, Title, Description, EffectiveDate) values (1, 13, 'Academic Integrity Policy', 'course withdrawal', '2021-06-26');
insert into Academic_Policies (PolicyID, CourseID, Title, Description, EffectiveDate) values (2, 11, 'Grading Policy', 'academic integrity', '2021-07-15');
insert into Academic_Policies (PolicyID, CourseID, Title, Description, EffectiveDate) values (3, 15, 'Code of Conduct', 'academic integrity', '2020-04-21');
insert into Academic_Policies (PolicyID, CourseID, Title, Description, EffectiveDate) values (4, 34, 'Academic Integrity Policy', 'academic probation', '2022-12-18');
insert into Academic_Policies (PolicyID, CourseID, Title, Description, EffectiveDate) values (5, 34, 'Attendance Policy', 'grading policy', '2023-12-19');
insert into Academic_Policies (PolicyID, CourseID, Title, Description, EffectiveDate) values (6, 42, 'Admission Policy', 'academic integrity', '2020-05-19');
insert into Academic_Policies (PolicyID, CourseID, Title, Description, EffectiveDate) values (7, 58, 'Grading Policy', 'academic integrity', '2023-03-26');
insert into Academic_Policies (PolicyID, CourseID, Title, Description, EffectiveDate) values (8, 26, 'Attendance Policy', 'academic probation', '2021-01-31');
insert into Academic_Policies (PolicyID, CourseID, Title, Description, EffectiveDate) values (9, 8, 'Admission Policy', 'academic integrity', '2020-02-09');
insert into Academic_Policies (PolicyID, CourseID, Title, Description, EffectiveDate) values (10, 23, 'Code of Conduct', 'academic integrity', '2021-08-19');
insert into Academic_Policies (PolicyID, CourseID, Title, Description, EffectiveDate) values (11, 55, 'Attendance Policy', 'grading policy', '2020-11-02');
insert into Academic_Policies (PolicyID, CourseID, Title, Description, EffectiveDate) values (12, 26, 'Grading Policy', 'grading policy', '2023-07-28');
insert into Academic_Policies (PolicyID, CourseID, Title, Description, EffectiveDate) values (13, 2, 'Attendance Policy', 'academic probation', '2020-06-08');
insert into Academic_Policies (PolicyID, CourseID, Title, Description, EffectiveDate) values (14, 1, 'Attendance Policy', 'grading policy', '2021-10-10');
insert into Academic_Policies (PolicyID, CourseID, Title, Description, EffectiveDate) values (15, 44, 'Academic Integrity Policy', 'academic probation', '2023-10-04');
insert into Academic_Policies (PolicyID, CourseID, Title, Description, EffectiveDate) values (16, 38, 'Academic Integrity Policy', 'credit transfer', '2023-02-17');
insert into Academic_Policies (PolicyID, CourseID, Title, Description, EffectiveDate) values (17, 25, 'Grading Policy', 'course withdrawal', '2022-03-12');
insert into Academic_Policies (PolicyID, CourseID, Title, Description, EffectiveDate) values (18, 33, 'Admission Policy', 'academic probation', '2020-03-27');
insert into Academic_Policies (PolicyID, CourseID, Title, Description, EffectiveDate) values (19, 10, 'Attendance Policy', 'grading policy', '2020-04-07');
insert into Academic_Policies (PolicyID, CourseID, Title, Description, EffectiveDate) values (20, 34, 'Grading Policy', 'grading policy', '2022-03-10');
insert into Academic_Policies (PolicyID, CourseID, Title, Description, EffectiveDate) values (21, 12, 'Admission Policy', 'credit transfer', '2023-05-06');
insert into Academic_Policies (PolicyID, CourseID, Title, Description, EffectiveDate) values (22, 1, 'Code of Conduct', 'grading policy', '2024-04-10');
insert into Academic_Policies (PolicyID, CourseID, Title, Description, EffectiveDate) values (23, 3, 'Academic Integrity Policy', 'course withdrawal', '2020-10-24');
insert into Academic_Policies (PolicyID, CourseID, Title, Description, EffectiveDate) values (24, 37, 'Code of Conduct', 'course withdrawal', '2021-06-05');
insert into Academic_Policies (PolicyID, CourseID, Title, Description, EffectiveDate) values (25, 12, 'Academic Integrity Policy', 'grading policy', '2020-04-29');
insert into Academic_Policies (PolicyID, CourseID, Title, Description, EffectiveDate) values (26, 10, 'Academic Integrity Policy', 'course withdrawal', '2024-03-04');
insert into Academic_Policies (PolicyID, CourseID, Title, Description, EffectiveDate) values (27, 42, 'Admission Policy', 'credit transfer', '2020-10-07');
insert into Academic_Policies (PolicyID, CourseID, Title, Description, EffectiveDate) values (28, 11, 'Code of Conduct', 'academic probation', '2024-02-18');
insert into Academic_Policies (PolicyID, CourseID, Title, Description, EffectiveDate) values (29, 47, 'Academic Integrity Policy', 'academic probation', '2022-01-15');
insert into Academic_Policies (PolicyID, CourseID, Title, Description, EffectiveDate) values (30, 26, 'Grading Policy', 'course withdrawal', '2023-07-26');
insert into Academic_Policies (PolicyID, CourseID, Title, Description, EffectiveDate) values (31, 9, 'Academic Integrity Policy', 'academic integrity', '2021-07-11');
insert into Academic_Policies (PolicyID, CourseID, Title, Description, EffectiveDate) values (32, 34, 'Grading Policy', 'grading policy', '2022-09-28');
insert into Academic_Policies (PolicyID, CourseID, Title, Description, EffectiveDate) values (33, 60, 'Code of Conduct', 'grading policy', '2021-07-31');
insert into Academic_Policies (PolicyID, CourseID, Title, Description, EffectiveDate) values (34, 45, 'Code of Conduct', 'academic probation', '2020-11-24');
insert into Academic_Policies (PolicyID, CourseID, Title, Description, EffectiveDate) values (35, 43, 'Academic Integrity Policy', 'course withdrawal', '2021-04-04');
insert into Academic_Policies (PolicyID, CourseID, Title, Description, EffectiveDate) values (36, 4, 'Attendance Policy', 'credit transfer', '2021-09-09');
insert into Academic_Policies (PolicyID, CourseID, Title, Description, EffectiveDate) values (37, 46, 'Attendance Policy', 'course withdrawal', '2023-01-06');
insert into Academic_Policies (PolicyID, CourseID, Title, Description, EffectiveDate) values (38, 39, 'Admission Policy', 'academic probation', '2023-12-08');
insert into Academic_Policies (PolicyID, CourseID, Title, Description, EffectiveDate) values (39, 27, 'Admission Policy', 'academic integrity', '2020-11-23');
insert into Academic_Policies (PolicyID, CourseID, Title, Description, EffectiveDate) values (40, 15, 'Grading Policy', 'course withdrawal', '2020-07-24');
insert into Academic_Policies (PolicyID, CourseID, Title, Description, EffectiveDate) values (41, 46, 'Attendance Policy', 'academic integrity', '2022-01-06');
insert into Academic_Policies (PolicyID, CourseID, Title, Description, EffectiveDate) values (42, 24, 'Grading Policy', 'course withdrawal', '2023-08-19');
insert into Academic_Policies (PolicyID, CourseID, Title, Description, EffectiveDate) values (43, 35, 'Admission Policy', 'credit transfer', '2022-06-03');
insert into Academic_Policies (PolicyID, CourseID, Title, Description, EffectiveDate) values (44, 28, 'Grading Policy', 'course withdrawal', '2021-10-08');
insert into Academic_Policies (PolicyID, CourseID, Title, Description, EffectiveDate) values (45, 40, 'Attendance Policy', 'academic integrity', '2021-03-15');
insert into Academic_Policies (PolicyID, CourseID, Title, Description, EffectiveDate) values (46, 10, 'Grading Policy', 'credit transfer', '2023-04-09');
insert into Academic_Policies (PolicyID, CourseID, Title, Description, EffectiveDate) values (47, 60, 'Academic Integrity Policy', 'academic integrity', '2021-10-16');
insert into Academic_Policies (PolicyID, CourseID, Title, Description, EffectiveDate) values (48, 25, 'Admission Policy', 'course withdrawal', '2022-08-24');
insert into Academic_Policies (PolicyID, CourseID, Title, Description, EffectiveDate) values (49, 30, 'Academic Integrity Policy', 'academic probation', '2024-03-30');
insert into Academic_Policies (PolicyID, CourseID, Title, Description, EffectiveDate) values (50, 9, 'Admission Policy', 'academic probation', '2022-04-07');
insert into Academic_Policies (PolicyID, CourseID, Title, Description, EffectiveDate) values (51, 56, 'Admission Policy', 'academic probation', '2024-03-03');
insert into Academic_Policies (PolicyID, CourseID, Title, Description, EffectiveDate) values (52, 49, 'Grading Policy', 'academic probation', '2021-01-06');
insert into Academic_Policies (PolicyID, CourseID, Title, Description, EffectiveDate) values (53, 23, 'Code of Conduct', 'grading policy', '2022-06-21');
insert into Academic_Policies (PolicyID, CourseID, Title, Description, EffectiveDate) values (54, 17, 'Academic Integrity Policy', 'credit transfer', '2022-09-13');
insert into Academic_Policies (PolicyID, CourseID, Title, Description, EffectiveDate) values (55, 33, 'Academic Integrity Policy', 'academic probation', '2023-06-05');
insert into Academic_Policies (PolicyID, CourseID, Title, Description, EffectiveDate) values (56, 34, 'Grading Policy', 'academic integrity', '2022-07-28');
insert into Academic_Policies (PolicyID, CourseID, Title, Description, EffectiveDate) values (57, 49, 'Academic Integrity Policy', 'course withdrawal', '2023-11-30');
insert into Academic_Policies (PolicyID, CourseID, Title, Description, EffectiveDate) values (58, 49, 'Academic Integrity Policy', 'academic probation', '2020-04-15');
insert into Academic_Policies (PolicyID, CourseID, Title, Description, EffectiveDate) values (59, 29, 'Grading Policy', 'credit transfer', '2022-07-07');
insert into Academic_Policies (PolicyID, CourseID, Title, Description, EffectiveDate) values (60, 51, 'Admission Policy', 'credit transfer', '2022-03-09');
insert into Academic_Policies (PolicyID, CourseID, Title, Description, EffectiveDate) values (61, 53, 'Academic Integrity Policy', 'grading policy', '2021-09-07');
insert into Academic_Policies (PolicyID, CourseID, Title, Description, EffectiveDate) values (62, 47, 'Academic Integrity Policy', 'course withdrawal', '2022-09-15');
insert into Academic_Policies (PolicyID, CourseID, Title, Description, EffectiveDate) values (63, 23, 'Attendance Policy', 'course withdrawal', '2022-07-27');
insert into Academic_Policies (PolicyID, CourseID, Title, Description, EffectiveDate) values (64, 27, 'Attendance Policy', 'credit transfer', '2023-01-27');
insert into Academic_Policies (PolicyID, CourseID, Title, Description, EffectiveDate) values (65, 59, 'Grading Policy', 'credit transfer', '2023-04-08');
insert into Academic_Policies (PolicyID, CourseID, Title, Description, EffectiveDate) values (66, 49, 'Grading Policy', 'course withdrawal', '2020-08-21');
insert into Academic_Policies (PolicyID, CourseID, Title, Description, EffectiveDate) values (67, 30, 'Code of Conduct', 'academic probation', '2020-03-11');
insert into Academic_Policies (PolicyID, CourseID, Title, Description, EffectiveDate) values (68, 16, 'Admission Policy', 'academic integrity', '2023-04-24');
insert into Academic_Policies (PolicyID, CourseID, Title, Description, EffectiveDate) values (69, 50, 'Code of Conduct', 'academic probation', '2022-03-04');
insert into Academic_Policies (PolicyID, CourseID, Title, Description, EffectiveDate) values (70, 31, 'Admission Policy', 'credit transfer', '2023-03-12');
insert into Academic_Policies (PolicyID, CourseID, Title, Description, EffectiveDate) values (71, 46, 'Code of Conduct', 'academic probation', '2020-04-26');
insert into Academic_Policies (PolicyID, CourseID, Title, Description, EffectiveDate) values (72, 54, 'Attendance Policy', 'academic integrity', '2022-08-05');
insert into Academic_Policies (PolicyID, CourseID, Title, Description, EffectiveDate) values (73, 55, 'Admission Policy', 'academic integrity', '2020-12-10');
insert into Academic_Policies (PolicyID, CourseID, Title, Description, EffectiveDate) values (74, 32, 'Academic Integrity Policy', 'credit transfer', '2022-11-19');
insert into Academic_Policies (PolicyID, CourseID, Title, Description, EffectiveDate) values (75, 24, 'Grading Policy', 'academic probation', '2020-05-30');
insert into Academic_Policies (PolicyID, CourseID, Title, Description, EffectiveDate) values (76, 20, 'Grading Policy', 'grading policy', '2022-01-03');
insert into Academic_Policies (PolicyID, CourseID, Title, Description, EffectiveDate) values (77, 60, 'Attendance Policy', 'academic integrity', '2020-08-06');
insert into Academic_Policies (PolicyID, CourseID, Title, Description, EffectiveDate) values (78, 2, 'Attendance Policy', 'academic probation', '2024-01-03');
insert into Academic_Policies (PolicyID, CourseID, Title, Description, EffectiveDate) values (79, 33, 'Academic Integrity Policy', 'credit transfer', '2023-07-15');
insert into Academic_Policies (PolicyID, CourseID, Title, Description, EffectiveDate) values (80, 21, 'Academic Integrity Policy', 'credit transfer', '2021-02-27');
insert into Academic_Policies (PolicyID, CourseID, Title, Description, EffectiveDate) values (81, 11, 'Grading Policy', 'grading policy', '2021-11-02');
insert into Academic_Policies (PolicyID, CourseID, Title, Description, EffectiveDate) values (82, 7, 'Code of Conduct', 'course withdrawal', '2023-12-05');
insert into Academic_Policies (PolicyID, CourseID, Title, Description, EffectiveDate) values (83, 25, 'Grading Policy', 'credit transfer', '2021-01-28');
insert into Academic_Policies (PolicyID, CourseID, Title, Description, EffectiveDate) values (84, 17, 'Admission Policy', 'course withdrawal', '2023-10-27');
insert into Academic_Policies (PolicyID, CourseID, Title, Description, EffectiveDate) values (85, 23, 'Academic Integrity Policy', 'grading policy', '2021-04-10');
insert into Academic_Policies (PolicyID, CourseID, Title, Description, EffectiveDate) values (86, 8, 'Code of Conduct', 'academic integrity', '2020-10-09');
insert into Academic_Policies (PolicyID, CourseID, Title, Description, EffectiveDate) values (87, 52, 'Attendance Policy', 'course withdrawal', '2020-02-26');
insert into Academic_Policies (PolicyID, CourseID, Title, Description, EffectiveDate) values (88, 1, 'Grading Policy', 'grading policy', '2020-09-27');
insert into Academic_Policies (PolicyID, CourseID, Title, Description, EffectiveDate) values (89, 14, 'Attendance Policy', 'grading policy', '2023-10-12');
insert into Academic_Policies (PolicyID, CourseID, Title, Description, EffectiveDate) values (90, 33, 'Academic Integrity Policy', 'credit transfer', '2021-02-26');
insert into Academic_Policies (PolicyID, CourseID, Title, Description, EffectiveDate) values (91, 38, 'Attendance Policy', 'grading policy', '2021-01-04');
insert into Academic_Policies (PolicyID, CourseID, Title, Description, EffectiveDate) values (92, 16, 'Admission Policy', 'grading policy', '2022-06-09');
insert into Academic_Policies (PolicyID, CourseID, Title, Description, EffectiveDate) values (93, 19, 'Admission Policy', 'grading policy', '2021-02-22');
insert into Academic_Policies (PolicyID, CourseID, Title, Description, EffectiveDate) values (94, 27, 'Admission Policy', 'credit transfer', '2020-12-24');
insert into Academic_Policies (PolicyID, CourseID, Title, Description, EffectiveDate) values (95, 3, 'Academic Integrity Policy', 'academic probation', '2023-05-04');
insert into Academic_Policies (PolicyID, CourseID, Title, Description, EffectiveDate) values (96, 31, 'Admission Policy', 'academic probation', '2021-01-19');
insert into Academic_Policies (PolicyID, CourseID, Title, Description, EffectiveDate) values (97, 4, 'Grading Policy', 'course withdrawal', '2021-05-16');
insert into Academic_Policies (PolicyID, CourseID, Title, Description, EffectiveDate) values (98, 56, 'Admission Policy', 'credit transfer', '2020-02-28');
insert into Academic_Policies (PolicyID, CourseID, Title, Description, EffectiveDate) values (99, 15, 'Academic Integrity Policy', 'grading policy', '2021-01-01');
insert into Academic_Policies (PolicyID, CourseID, Title, Description, EffectiveDate) values (100, 49, 'Admission Policy', 'grading policy', '2020-12-06');
insert into Academic_Policies (PolicyID, CourseID, Title, Description, EffectiveDate) values (101, 40, 'Code of Conduct', 'academic integrity', '2021-06-15');
insert into Academic_Policies (PolicyID, CourseID, Title, Description, EffectiveDate) values (102, 23, 'Attendance Policy', 'course withdrawal', '2023-03-28');
insert into Academic_Policies (PolicyID, CourseID, Title, Description, EffectiveDate) values (103, 24, 'Academic Integrity Policy', 'academic probation', '2023-06-08');
insert into Academic_Policies (PolicyID, CourseID, Title, Description, EffectiveDate) values (104, 15, 'Admission Policy', 'course withdrawal', '2021-08-21');
insert into Academic_Policies (PolicyID, CourseID, Title, Description, EffectiveDate) values (105, 49, 'Academic Integrity Policy', 'credit transfer', '2020-09-26');
insert into Academic_Policies (PolicyID, CourseID, Title, Description, EffectiveDate) values (106, 10, 'Grading Policy', 'academic probation', '2022-12-23');
insert into Academic_Policies (PolicyID, CourseID, Title, Description, EffectiveDate) values (107, 52, 'Code of Conduct', 'course withdrawal', '2021-12-26');
insert into Academic_Policies (PolicyID, CourseID, Title, Description, EffectiveDate) values (108, 43, 'Academic Integrity Policy', 'academic probation', '2023-07-01');
insert into Academic_Policies (PolicyID, CourseID, Title, Description, EffectiveDate) values (109, 52, 'Attendance Policy', 'credit transfer', '2021-07-15');
insert into Academic_Policies (PolicyID, CourseID, Title, Description, EffectiveDate) values (110, 2, 'Grading Policy', 'credit transfer', '2023-06-18');
insert into Academic_Policies (PolicyID, CourseID, Title, Description, EffectiveDate) values (111, 35, 'Admission Policy', 'academic integrity', '2021-07-18');
insert into Academic_Policies (PolicyID, CourseID, Title, Description, EffectiveDate) values (112, 22, 'Code of Conduct', 'academic integrity', '2020-03-09');
insert into Academic_Policies (PolicyID, CourseID, Title, Description, EffectiveDate) values (113, 55, 'Grading Policy', 'academic integrity', '2023-08-21');
insert into Academic_Policies (PolicyID, CourseID, Title, Description, EffectiveDate) values (114, 58, 'Code of Conduct', 'grading policy', '2023-09-07');
insert into Academic_Policies (PolicyID, CourseID, Title, Description, EffectiveDate) values (115, 5, 'Grading Policy', 'credit transfer', '2023-10-25');
insert into Academic_Policies (PolicyID, CourseID, Title, Description, EffectiveDate) values (116, 20, 'Academic Integrity Policy', 'course withdrawal', '2021-09-01');
insert into Academic_Policies (PolicyID, CourseID, Title, Description, EffectiveDate) values (117, 54, 'Code of Conduct', 'academic integrity', '2021-03-22');
insert into Academic_Policies (PolicyID, CourseID, Title, Description, EffectiveDate) values (118, 26, 'Admission Policy', 'credit transfer', '2024-01-31');
insert into Academic_Policies (PolicyID, CourseID, Title, Description, EffectiveDate) values (119, 30, 'Grading Policy', 'grading policy', '2020-08-01');
insert into Academic_Policies (PolicyID, CourseID, Title, Description, EffectiveDate) values (120, 14, 'Code of Conduct', 'credit transfer', '2023-03-18');
insert into Academic_Policies (PolicyID, CourseID, Title, Description, EffectiveDate) values (121, 28, 'Academic Integrity Policy', 'grading policy', '2020-07-24');
insert into Academic_Policies (PolicyID, CourseID, Title, Description, EffectiveDate) values (122, 45, 'Grading Policy', 'grading policy', '2021-06-26');
insert into Academic_Policies (PolicyID, CourseID, Title, Description, EffectiveDate) values (123, 1, 'Academic Integrity Policy', 'academic integrity', '2023-03-06');
insert into Academic_Policies (PolicyID, CourseID, Title, Description, EffectiveDate) values (124, 27, 'Attendance Policy', 'academic integrity', '2021-07-16');
insert into Academic_Policies (PolicyID, CourseID, Title, Description, EffectiveDate) values (125, 26, 'Admission Policy', 'academic probation', '2023-08-08');
insert into Academic_Policies (PolicyID, CourseID, Title, Description, EffectiveDate) values (126, 20, 'Attendance Policy', 'credit transfer', '2021-07-05');
insert into Academic_Policies (PolicyID, CourseID, Title, Description, EffectiveDate) values (127, 4, 'Admission Policy', 'credit transfer', '2023-12-24');
insert into Academic_Policies (PolicyID, CourseID, Title, Description, EffectiveDate) values (128, 15, 'Grading Policy', 'course withdrawal', '2023-09-09');
insert into Academic_Policies (PolicyID, CourseID, Title, Description, EffectiveDate) values (129, 34, 'Academic Integrity Policy', 'grading policy', '2020-12-14');
insert into Academic_Policies (PolicyID, CourseID, Title, Description, EffectiveDate) values (130, 42, 'Admission Policy', 'academic probation', '2021-06-18');
insert into Academic_Policies (PolicyID, CourseID, Title, Description, EffectiveDate) values (131, 39, 'Attendance Policy', 'academic probation', '2021-08-16');
insert into Academic_Policies (PolicyID, CourseID, Title, Description, EffectiveDate) values (132, 14, 'Attendance Policy', 'course withdrawal', '2022-11-06');
insert into Academic_Policies (PolicyID, CourseID, Title, Description, EffectiveDate) values (133, 20, 'Code of Conduct', 'academic integrity', '2023-06-30');
insert into Academic_Policies (PolicyID, CourseID, Title, Description, EffectiveDate) values (134, 47, 'Admission Policy', 'course withdrawal', '2021-09-03');
insert into Academic_Policies (PolicyID, CourseID, Title, Description, EffectiveDate) values (135, 14, 'Grading Policy', 'credit transfer', '2024-04-09');
insert into Academic_Policies (PolicyID, CourseID, Title, Description, EffectiveDate) values (136, 30, 'Code of Conduct', 'course withdrawal', '2020-06-21');
insert into Academic_Policies (PolicyID, CourseID, Title, Description, EffectiveDate) values (137, 22, 'Grading Policy', 'academic integrity', '2021-08-21');
insert into Academic_Policies (PolicyID, CourseID, Title, Description, EffectiveDate) values (138, 5, 'Academic Integrity Policy', 'course withdrawal', '2021-01-03');
insert into Academic_Policies (PolicyID, CourseID, Title, Description, EffectiveDate) values (139, 54, 'Attendance Policy', 'course withdrawal', '2020-07-04');
insert into Academic_Policies (PolicyID, CourseID, Title, Description, EffectiveDate) values (140, 29, 'Admission Policy', 'course withdrawal', '2021-03-05');
insert into Academic_Policies (PolicyID, CourseID, Title, Description, EffectiveDate) values (141, 59, 'Attendance Policy', 'grading policy', '2021-05-13');
insert into Academic_Policies (PolicyID, CourseID, Title, Description, EffectiveDate) values (142, 21, 'Grading Policy', 'credit transfer', '2022-03-15');
insert into Academic_Policies (PolicyID, CourseID, Title, Description, EffectiveDate) values (143, 17, 'Academic Integrity Policy', 'credit transfer', '2020-12-29');
insert into Academic_Policies (PolicyID, CourseID, Title, Description, EffectiveDate) values (144, 34, 'Code of Conduct', 'grading policy', '2020-10-30');
insert into Academic_Policies (PolicyID, CourseID, Title, Description, EffectiveDate) values (145, 33, 'Admission Policy', 'academic integrity', '2022-01-11');
insert into Academic_Policies (PolicyID, CourseID, Title, Description, EffectiveDate) values (146, 25, 'Academic Integrity Policy', 'grading policy', '2023-04-03');
insert into Academic_Policies (PolicyID, CourseID, Title, Description, EffectiveDate) values (147, 39, 'Academic Integrity Policy', 'grading policy', '2020-02-01');
insert into Academic_Policies (PolicyID, CourseID, Title, Description, EffectiveDate) values (148, 35, 'Attendance Policy', 'academic probation', '2022-01-24');
insert into Academic_Policies (PolicyID, CourseID, Title, Description, EffectiveDate) values (149, 42, 'Attendance Policy', 'course withdrawal', '2020-12-05');
insert into Academic_Policies (PolicyID, CourseID, Title, Description, EffectiveDate) values (150, 2, 'Grading Policy', 'academic integrity', '2023-10-24');
insert into Academic_Policies (PolicyID, CourseID, Title, Description, EffectiveDate) values (151, 39, 'Grading Policy', 'credit transfer', '2021-01-23');
insert into Academic_Policies (PolicyID, CourseID, Title, Description, EffectiveDate) values (152, 11, 'Attendance Policy', 'credit transfer', '2020-08-25');
insert into Academic_Policies (PolicyID, CourseID, Title, Description, EffectiveDate) values (153, 9, 'Code of Conduct', 'credit transfer', '2022-06-10');
insert into Academic_Policies (PolicyID, CourseID, Title, Description, EffectiveDate) values (154, 54, 'Admission Policy', 'academic probation', '2021-07-13');
insert into Academic_Policies (PolicyID, CourseID, Title, Description, EffectiveDate) values (155, 38, 'Grading Policy', 'credit transfer', '2023-11-16');
insert into Academic_Policies (PolicyID, CourseID, Title, Description, EffectiveDate) values (156, 60, 'Academic Integrity Policy', 'course withdrawal', '2020-08-09');
insert into Academic_Policies (PolicyID, CourseID, Title, Description, EffectiveDate) values (157, 13, 'Admission Policy', 'grading policy', '2022-07-18');
insert into Academic_Policies (PolicyID, CourseID, Title, Description, EffectiveDate) values (158, 42, 'Grading Policy', 'grading policy', '2023-04-16');
insert into Academic_Policies (PolicyID, CourseID, Title, Description, EffectiveDate) values (159, 1, 'Admission Policy', 'credit transfer', '2021-04-04');
insert into Academic_Policies (PolicyID, CourseID, Title, Description, EffectiveDate) values (160, 48, 'Academic Integrity Policy', 'credit transfer', '2023-08-29');
insert into Academic_Policies (PolicyID, CourseID, Title, Description, EffectiveDate) values (161, 48, 'Grading Policy', 'academic probation', '2021-04-17');
insert into Academic_Policies (PolicyID, CourseID, Title, Description, EffectiveDate) values (162, 16, 'Attendance Policy', 'academic probation', '2020-06-23');
insert into Academic_Policies (PolicyID, CourseID, Title, Description, EffectiveDate) values (163, 36, 'Code of Conduct', 'academic probation', '2022-04-23');
insert into Academic_Policies (PolicyID, CourseID, Title, Description, EffectiveDate) values (164, 13, 'Admission Policy', 'academic integrity', '2021-08-15');
insert into Academic_Policies (PolicyID, CourseID, Title, Description, EffectiveDate) values (165, 16, 'Attendance Policy', 'academic probation', '2024-02-12');
insert into Academic_Policies (PolicyID, CourseID, Title, Description, EffectiveDate) values (166, 37, 'Admission Policy', 'academic probation', '2020-03-29');
insert into Academic_Policies (PolicyID, CourseID, Title, Description, EffectiveDate) values (167, 42, 'Admission Policy', 'credit transfer', '2020-08-20');
insert into Academic_Policies (PolicyID, CourseID, Title, Description, EffectiveDate) values (168, 50, 'Admission Policy', 'academic probation', '2020-03-30');
insert into Academic_Policies (PolicyID, CourseID, Title, Description, EffectiveDate) values (169, 51, 'Code of Conduct', 'credit transfer', '2024-01-25');
insert into Academic_Policies (PolicyID, CourseID, Title, Description, EffectiveDate) values (170, 1, 'Attendance Policy', 'grading policy', '2023-04-22');
insert into Academic_Policies (PolicyID, CourseID, Title, Description, EffectiveDate) values (171, 27, 'Admission Policy', 'credit transfer', '2020-07-24');
insert into Academic_Policies (PolicyID, CourseID, Title, Description, EffectiveDate) values (172, 31, 'Code of Conduct', 'academic integrity', '2023-03-04');
insert into Academic_Policies (PolicyID, CourseID, Title, Description, EffectiveDate) values (173, 43, 'Attendance Policy', 'academic integrity', '2023-08-07');
insert into Academic_Policies (PolicyID, CourseID, Title, Description, EffectiveDate) values (174, 15, 'Academic Integrity Policy', 'academic integrity', '2021-11-07');
insert into Academic_Policies (PolicyID, CourseID, Title, Description, EffectiveDate) values (175, 49, 'Attendance Policy', 'credit transfer', '2021-10-18');
insert into Academic_Policies (PolicyID, CourseID, Title, Description, EffectiveDate) values (176, 51, 'Attendance Policy', 'academic probation', '2022-04-18');
insert into Academic_Policies (PolicyID, CourseID, Title, Description, EffectiveDate) values (177, 58, 'Code of Conduct', 'academic integrity', '2023-12-28');
insert into Academic_Policies (PolicyID, CourseID, Title, Description, EffectiveDate) values (178, 17, 'Grading Policy', 'course withdrawal', '2023-03-11');
insert into Academic_Policies (PolicyID, CourseID, Title, Description, EffectiveDate) values (179, 29, 'Admission Policy', 'academic probation', '2023-04-25');
insert into Academic_Policies (PolicyID, CourseID, Title, Description, EffectiveDate) values (180, 59, 'Grading Policy', 'credit transfer', '2021-11-09');
insert into Academic_Policies (PolicyID, CourseID, Title, Description, EffectiveDate) values (181, 45, 'Code of Conduct', 'academic integrity', '2023-01-02');
insert into Academic_Policies (PolicyID, CourseID, Title, Description, EffectiveDate) values (182, 44, 'Code of Conduct', 'course withdrawal', '2023-05-23');
insert into Academic_Policies (PolicyID, CourseID, Title, Description, EffectiveDate) values (183, 27, 'Academic Integrity Policy', 'academic probation', '2023-05-25');
insert into Academic_Policies (PolicyID, CourseID, Title, Description, EffectiveDate) values (184, 11, 'Grading Policy', 'academic probation', '2022-06-02');
insert into Academic_Policies (PolicyID, CourseID, Title, Description, EffectiveDate) values (185, 17, 'Code of Conduct', 'academic probation', '2020-08-08');
insert into Academic_Policies (PolicyID, CourseID, Title, Description, EffectiveDate) values (186, 3, 'Attendance Policy', 'academic integrity', '2023-03-13');
insert into Academic_Policies (PolicyID, CourseID, Title, Description, EffectiveDate) values (187, 8, 'Admission Policy', 'course withdrawal', '2021-08-29');
insert into Academic_Policies (PolicyID, CourseID, Title, Description, EffectiveDate) values (188, 28, 'Code of Conduct', 'credit transfer', '2024-02-26');
insert into Academic_Policies (PolicyID, CourseID, Title, Description, EffectiveDate) values (189, 6, 'Code of Conduct', 'academic integrity', '2022-01-30');
insert into Academic_Policies (PolicyID, CourseID, Title, Description, EffectiveDate) values (190, 15, 'Grading Policy', 'academic integrity', '2021-08-22');
insert into Academic_Policies (PolicyID, CourseID, Title, Description, EffectiveDate) values (191, 22, 'Admission Policy', 'academic probation', '2021-08-15');
insert into Academic_Policies (PolicyID, CourseID, Title, Description, EffectiveDate) values (192, 9, 'Code of Conduct', 'course withdrawal', '2021-01-16');
insert into Academic_Policies (PolicyID, CourseID, Title, Description, EffectiveDate) values (193, 60, 'Admission Policy', 'credit transfer', '2023-03-24');
insert into Academic_Policies (PolicyID, CourseID, Title, Description, EffectiveDate) values (194, 10, 'Grading Policy', 'academic probation', '2022-09-11');
insert into Academic_Policies (PolicyID, CourseID, Title, Description, EffectiveDate) values (195, 26, 'Code of Conduct', 'course withdrawal', '2020-11-10');
insert into Academic_Policies (PolicyID, CourseID, Title, Description, EffectiveDate) values (196, 29, 'Admission Policy', 'academic probation', '2021-09-13');
insert into Academic_Policies (PolicyID, CourseID, Title, Description, EffectiveDate) values (197, 5, 'Academic Integrity Policy', 'credit transfer', '2021-03-20');
insert into Academic_Policies (PolicyID, CourseID, Title, Description, EffectiveDate) values (198, 33, 'Grading Policy', 'grading policy', '2021-07-21');
insert into Academic_Policies (PolicyID, CourseID, Title, Description, EffectiveDate) values (199, 55, 'Code of Conduct', 'grading policy', '2024-03-27');
insert into Academic_Policies (PolicyID, CourseID, Title, Description, EffectiveDate) values (200, 20, 'Attendance Policy', 'academic probation', '2021-04-13');


-- Enrollment_Status
insert into Enrollment_Status (StatID, Total_Enrollment, Maximum_Capacity, Waitlist_Total, CourseID) values (1, 175, 175, 10, 36);
insert into Enrollment_Status (StatID, Total_Enrollment, Maximum_Capacity, Waitlist_Total, CourseID) values (2, 87, 107, 0, 18);
insert into Enrollment_Status (StatID, Total_Enrollment, Maximum_Capacity, Waitlist_Total, CourseID) values (3, 96, 172, 0, 34);
insert into Enrollment_Status (StatID, Total_Enrollment, Maximum_Capacity, Waitlist_Total, CourseID) values (4, 65, 177, 0, 50);
insert into Enrollment_Status (StatID, Total_Enrollment, Maximum_Capacity, Waitlist_Total, CourseID) values (5, 111, 170, 0, 50);
insert into Enrollment_Status (StatID, Total_Enrollment, Maximum_Capacity, Waitlist_Total, CourseID) values (6, 70, 70, 7, 42);
insert into Enrollment_Status (StatID, Total_Enrollment, Maximum_Capacity, Waitlist_Total, CourseID) values (7, 106, 106, 0, 22);
insert into Enrollment_Status (StatID, Total_Enrollment, Maximum_Capacity, Waitlist_Total, CourseID) values (8, 75, 179, 0, 57);
insert into Enrollment_Status (StatID, Total_Enrollment, Maximum_Capacity, Waitlist_Total, CourseID) values (9, 68, 68, 2, 19);
insert into Enrollment_Status (StatID, Total_Enrollment, Maximum_Capacity, Waitlist_Total, CourseID) values (10, 116, 186, 0, 9);
insert into Enrollment_Status (StatID, Total_Enrollment, Maximum_Capacity, Waitlist_Total, CourseID) values (11, 105, 117, 0, 59);
insert into Enrollment_Status (StatID, Total_Enrollment, Maximum_Capacity, Waitlist_Total, CourseID) values (12, 116, 109, 0, 26);
insert into Enrollment_Status (StatID, Total_Enrollment, Maximum_Capacity, Waitlist_Total, CourseID) values (13, 108, 196, 0, 27);
insert into Enrollment_Status (StatID, Total_Enrollment, Maximum_Capacity, Waitlist_Total, CourseID) values (14, 108, 113, 0, 60);
insert into Enrollment_Status (StatID, Total_Enrollment, Maximum_Capacity, Waitlist_Total, CourseID) values (15, 69, 102, 0, 51);
insert into Enrollment_Status (StatID, Total_Enrollment, Maximum_Capacity, Waitlist_Total, CourseID) values (16, 88, 169, 0, 54);
insert into Enrollment_Status (StatID, Total_Enrollment, Maximum_Capacity, Waitlist_Total, CourseID) values (17, 64, 64, 9, 9);
insert into Enrollment_Status (StatID, Total_Enrollment, Maximum_Capacity, Waitlist_Total, CourseID) values (18, 98, 154, 0, 17);
insert into Enrollment_Status (StatID, Total_Enrollment, Maximum_Capacity, Waitlist_Total, CourseID) values (19, 60, 70, 0, 41);
insert into Enrollment_Status (StatID, Total_Enrollment, Maximum_Capacity, Waitlist_Total, CourseID) values (20, 122, 122, 2, 57);
insert into Enrollment_Status (StatID, Total_Enrollment, Maximum_Capacity, Waitlist_Total, CourseID) values (21, 73, 73, 8, 55);
insert into Enrollment_Status (StatID, Total_Enrollment, Maximum_Capacity, Waitlist_Total, CourseID) values (22, 116, 113, 0, 36);
insert into Enrollment_Status (StatID, Total_Enrollment, Maximum_Capacity, Waitlist_Total, CourseID) values (23, 106, 128, 0, 20);
insert into Enrollment_Status (StatID, Total_Enrollment, Maximum_Capacity, Waitlist_Total, CourseID) values (24, 100, 113, 0, 38);
insert into Enrollment_Status (StatID, Total_Enrollment, Maximum_Capacity, Waitlist_Total, CourseID) values (25, 68, 138, 0, 56);
insert into Enrollment_Status (StatID, Total_Enrollment, Maximum_Capacity, Waitlist_Total, CourseID) values (26, 66, 119, 0, 34);
insert into Enrollment_Status (StatID, Total_Enrollment, Maximum_Capacity, Waitlist_Total, CourseID) values (27, 118, 181, 0, 43);
insert into Enrollment_Status (StatID, Total_Enrollment, Maximum_Capacity, Waitlist_Total, CourseID) values (28, 118, 139, 0, 59);
insert into Enrollment_Status (StatID, Total_Enrollment, Maximum_Capacity, Waitlist_Total, CourseID) values (29, 79, 79, 5, 30);
insert into Enrollment_Status (StatID, Total_Enrollment, Maximum_Capacity, Waitlist_Total, CourseID) values (30, 93, 146, 0, 49);
insert into Enrollment_Status (StatID, Total_Enrollment, Maximum_Capacity, Waitlist_Total, CourseID) values (31, 86, 186, 0, 50);
insert into Enrollment_Status (StatID, Total_Enrollment, Maximum_Capacity, Waitlist_Total, CourseID) values (32, 118, 156, 0, 7);
insert into Enrollment_Status (StatID, Total_Enrollment, Maximum_Capacity, Waitlist_Total, CourseID) values (33, 103, 125, 0, 8);
insert into Enrollment_Status (StatID, Total_Enrollment, Maximum_Capacity, Waitlist_Total, CourseID) values (34, 89, 121, 0, 8);
insert into Enrollment_Status (StatID, Total_Enrollment, Maximum_Capacity, Waitlist_Total, CourseID) values (35, 113, 176, 0, 32);
insert into Enrollment_Status (StatID, Total_Enrollment, Maximum_Capacity, Waitlist_Total, CourseID) values (36, 116, 123, 0, 9);
insert into Enrollment_Status (StatID, Total_Enrollment, Maximum_Capacity, Waitlist_Total, CourseID) values (37, 100, 200, 0, 24);
insert into Enrollment_Status (StatID, Total_Enrollment, Maximum_Capacity, Waitlist_Total, CourseID) values (38, 83, 118, 0, 9);
insert into Enrollment_Status (StatID, Total_Enrollment, Maximum_Capacity, Waitlist_Total, CourseID) values (39, 118, 133, 0, 18);
insert into Enrollment_Status (StatID, Total_Enrollment, Maximum_Capacity, Waitlist_Total, CourseID) values (40, 98, 124, 0, 8);
insert into Enrollment_Status (StatID, Total_Enrollment, Maximum_Capacity, Waitlist_Total, CourseID) values (41, 68, 114, 0, 33);
insert into Enrollment_Status (StatID, Total_Enrollment, Maximum_Capacity, Waitlist_Total, CourseID) values (42, 67, 67, 9, 44);
insert into Enrollment_Status (StatID, Total_Enrollment, Maximum_Capacity, Waitlist_Total, CourseID) values (43, 61, 61, 3, 39);
insert into Enrollment_Status (StatID, Total_Enrollment, Maximum_Capacity, Waitlist_Total, CourseID) values (44, 89, 124, 0, 59);
insert into Enrollment_Status (StatID, Total_Enrollment, Maximum_Capacity, Waitlist_Total, CourseID) values (45, 76, 156, 0, 51);
insert into Enrollment_Status (StatID, Total_Enrollment, Maximum_Capacity, Waitlist_Total, CourseID) values (46, 83, 83, 8, 13);
insert into Enrollment_Status (StatID, Total_Enrollment, Maximum_Capacity, Waitlist_Total, CourseID) values (47, 111, 111, 10, 36);
insert into Enrollment_Status (StatID, Total_Enrollment, Maximum_Capacity, Waitlist_Total, CourseID) values (48, 62, 188, 0, 49);
insert into Enrollment_Status (StatID, Total_Enrollment, Maximum_Capacity, Waitlist_Total, CourseID) values (49, 96, 96, 4, 29);
insert into Enrollment_Status (StatID, Total_Enrollment, Maximum_Capacity, Waitlist_Total, CourseID) values (50, 116, 196, 0, 4);
insert into Enrollment_Status (StatID, Total_Enrollment, Maximum_Capacity, Waitlist_Total, CourseID) values (51, 115, 123, 0, 23);
insert into Enrollment_Status (StatID, Total_Enrollment, Maximum_Capacity, Waitlist_Total, CourseID) values (52, 104, 188, 0, 14);
insert into Enrollment_Status (StatID, Total_Enrollment, Maximum_Capacity, Waitlist_Total, CourseID) values (53, 112, 132, 0, 10);
insert into Enrollment_Status (StatID, Total_Enrollment, Maximum_Capacity, Waitlist_Total, CourseID) values (54, 93, 137, 0, 51);
insert into Enrollment_Status (StatID, Total_Enrollment, Maximum_Capacity, Waitlist_Total, CourseID) values (55, 111, 198, 0, 26);
insert into Enrollment_Status (StatID, Total_Enrollment, Maximum_Capacity, Waitlist_Total, CourseID) values (56, 69, 109, 0, 18);
insert into Enrollment_Status (StatID, Total_Enrollment, Maximum_Capacity, Waitlist_Total, CourseID) values (57, 68, 177, 0, 4);
insert into Enrollment_Status (StatID, Total_Enrollment, Maximum_Capacity, Waitlist_Total, CourseID) values (58, 85, 85, 10, 16);
insert into Enrollment_Status (StatID, Total_Enrollment, Maximum_Capacity, Waitlist_Total, CourseID) values (59, 83, 130, 0, 16);
insert into Enrollment_Status (StatID, Total_Enrollment, Maximum_Capacity, Waitlist_Total, CourseID) values (60, 64, 64, 6, 28);


-- RecordAccess
insert into RecordAccess (recordID, advisorID) values (11, 28);
insert into RecordAccess (recordID, advisorID) values (42, 9);
insert into RecordAccess (recordID, advisorID) values (11, 10);
insert into RecordAccess (recordID, advisorID) values (28, 23);
insert into RecordAccess (recordID, advisorID) values (43, 17);
insert into RecordAccess (recordID, advisorID) values (6, 23);
insert into RecordAccess (recordID, advisorID) values (10, 11);
insert into RecordAccess (recordID, advisorID) values (55, 15);
insert into RecordAccess (recordID, advisorID) values (54, 20);
insert into RecordAccess (recordID, advisorID) values (33, 6);
insert into RecordAccess (recordID, advisorID) values (5, 23);
insert into RecordAccess (recordID, advisorID) values (59, 24);
insert into RecordAccess (recordID, advisorID) values (29, 30);
insert into RecordAccess (recordID, advisorID) values (41, 29);
insert into RecordAccess (recordID, advisorID) values (33, 30);
insert into RecordAccess (recordID, advisorID) values (16, 16);
insert into RecordAccess (recordID, advisorID) values (50, 1);
insert into RecordAccess (recordID, advisorID) values (26, 1);
insert into RecordAccess (recordID, advisorID) values (10, 19);
insert into RecordAccess (recordID, advisorID) values (60, 29);
insert into RecordAccess (recordID, advisorID) values (47, 1);
insert into RecordAccess (recordID, advisorID) values (29, 3);
insert into RecordAccess (recordID, advisorID) values (28, 13);
insert into RecordAccess (recordID, advisorID) values (60, 28);
insert into RecordAccess (recordID, advisorID) values (52, 30);
insert into RecordAccess (recordID, advisorID) values (53, 15);
insert into RecordAccess (recordID, advisorID) values (10, 1);
insert into RecordAccess (recordID, advisorID) values (53, 17);
insert into RecordAccess (recordID, advisorID) values (41, 28);
insert into RecordAccess (recordID, advisorID) values (2, 8);
insert into RecordAccess (recordID, advisorID) values (42, 19);
insert into RecordAccess (recordID, advisorID) values (24, 20);
insert into RecordAccess (recordID, advisorID) values (56, 15);
insert into RecordAccess (recordID, advisorID) values (31, 25);
insert into RecordAccess (recordID, advisorID) values (1, 6);
insert into RecordAccess (recordID, advisorID) values (42, 6);
insert into RecordAccess (recordID, advisorID) values (3, 22);
insert into RecordAccess (recordID, advisorID) values (11, 17);
insert into RecordAccess (recordID, advisorID) values (57, 18);
insert into RecordAccess (recordID, advisorID) values (40, 13);
insert into RecordAccess (recordID, advisorID) values (54, 22);
insert into RecordAccess (recordID, advisorID) values (16, 12);
insert into RecordAccess (recordID, advisorID) values (24, 23);
insert into RecordAccess (recordID, advisorID) values (11, 11);
insert into RecordAccess (recordID, advisorID) values (49, 28);
insert into RecordAccess (recordID, advisorID) values (18, 6);
insert into RecordAccess (recordID, advisorID) values (3, 5);
insert into RecordAccess (recordID, advisorID) values (7, 15);
insert into RecordAccess (recordID, advisorID) values (11, 12);
insert into RecordAccess (recordID, advisorID) values (18, 13);
insert into RecordAccess (recordID, advisorID) values (42, 10);
insert into RecordAccess (recordID, advisorID) values (51, 19);
insert into RecordAccess (recordID, advisorID) values (52, 15);
insert into RecordAccess (recordID, advisorID) values (11, 8);
insert into RecordAccess (recordID, advisorID) values (38, 21);
insert into RecordAccess (recordID, advisorID) values (18, 23);
insert into RecordAccess (recordID, advisorID) values (48, 28);
insert into RecordAccess (recordID, advisorID) values (31, 24);
insert into RecordAccess (recordID, advisorID) values (30, 8);
insert into RecordAccess (recordID, advisorID) values (35, 14);
insert into RecordAccess (recordID, advisorID) values (10, 3);
insert into RecordAccess (recordID, advisorID) values (11, 2);
insert into RecordAccess (recordID, advisorID) values (56, 13);
insert into RecordAccess (recordID, advisorID) values (28, 24);
insert into RecordAccess (recordID, advisorID) values (14, 11);
insert into RecordAccess (recordID, advisorID) values (44, 24);
insert into RecordAccess (recordID, advisorID) values (32, 30);
insert into RecordAccess (recordID, advisorID) values (50, 10);
insert into RecordAccess (recordID, advisorID) values (7, 3);
insert into RecordAccess (recordID, advisorID) values (28, 2);
insert into RecordAccess (recordID, advisorID) values (35, 29);
insert into RecordAccess (recordID, advisorID) values (33, 3);
insert into RecordAccess (recordID, advisorID) values (56, 2);
insert into RecordAccess (recordID, advisorID) values (8, 4);
insert into RecordAccess (recordID, advisorID) values (18, 12);
insert into RecordAccess (recordID, advisorID) values (33, 29);
insert into RecordAccess (recordID, advisorID) values (19, 29);
insert into RecordAccess (recordID, advisorID) values (50, 11);
insert into RecordAccess (recordID, advisorID) values (24, 5);
insert into RecordAccess (recordID, advisorID) values (38, 28);
insert into RecordAccess (recordID, advisorID) values (53, 8);
insert into RecordAccess (recordID, advisorID) values (28, 4);
insert into RecordAccess (recordID, advisorID) values (42, 22);
insert into RecordAccess (recordID, advisorID) values (27, 10);
insert into RecordAccess (recordID, advisorID) values (26, 30);
insert into RecordAccess (recordID, advisorID) values (60, 26);
insert into RecordAccess (recordID, advisorID) values (31, 10);
insert into RecordAccess (recordID, advisorID) values (36, 8);
insert into RecordAccess (recordID, advisorID) values (49, 10);
insert into RecordAccess (recordID, advisorID) values (51, 18);
insert into RecordAccess (recordID, advisorID) values (58, 14);
insert into RecordAccess (recordID, advisorID) values (38, 25);
insert into RecordAccess (recordID, advisorID) values (14, 21);
insert into RecordAccess (recordID, advisorID) values (35, 4);
insert into RecordAccess (recordID, advisorID) values (28, 27);
insert into RecordAccess (recordID, advisorID) values (14, 24);
insert into RecordAccess (recordID, advisorID) values (59, 23);
insert into RecordAccess (recordID, advisorID) values (38, 30);
insert into RecordAccess (recordID, advisorID) values (37, 19);
insert into RecordAccess (recordID, advisorID) values (13, 18);
insert into RecordAccess (recordID, advisorID) values (60, 3);
insert into RecordAccess (recordID, advisorID) values (36, 30);
insert into RecordAccess (recordID, advisorID) values (14, 4);
insert into RecordAccess (recordID, advisorID) values (19, 1);
insert into RecordAccess (recordID, advisorID) values (6, 3);
insert into RecordAccess (recordID, advisorID) values (48, 23);
insert into RecordAccess (recordID, advisorID) values (25, 23);
insert into RecordAccess (recordID, advisorID) values (39, 26);
insert into RecordAccess (recordID, advisorID) values (50, 19);
insert into RecordAccess (recordID, advisorID) values (6, 30);
insert into RecordAccess (recordID, advisorID) values (40, 4);
insert into RecordAccess (recordID, advisorID) values (16, 30);
insert into RecordAccess (recordID, advisorID) values (14, 10);
insert into RecordAccess (recordID, advisorID) values (57, 22);
insert into RecordAccess (recordID, advisorID) values (51, 21);
insert into RecordAccess (recordID, advisorID) values (45, 5);
insert into RecordAccess (recordID, advisorID) values (52, 24);
insert into RecordAccess (recordID, advisorID) values (5, 13);
insert into RecordAccess (recordID, advisorID) values (56, 22);
insert into RecordAccess (recordID, advisorID) values (1, 23);
insert into RecordAccess (recordID, advisorID) values (2, 16);
insert into RecordAccess (recordID, advisorID) values (33, 9);
insert into RecordAccess (recordID, advisorID) values (42, 24);
insert into RecordAccess (recordID, advisorID) values (24, 7);
insert into RecordAccess (recordID, advisorID) values (59, 25);
insert into RecordAccess (recordID, advisorID) values (45, 22);
insert into RecordAccess (recordID, advisorID) values (31, 22);
insert into RecordAccess (recordID, advisorID) values (44, 5);
insert into RecordAccess (recordID, advisorID) values (10, 14);
insert into RecordAccess (recordID, advisorID) values (55, 22);
insert into RecordAccess (recordID, advisorID) values (6, 27);
insert into RecordAccess (recordID, advisorID) values (58, 1);
insert into RecordAccess (recordID, advisorID) values (21, 22);
insert into RecordAccess (recordID, advisorID) values (40, 30);
insert into RecordAccess (recordID, advisorID) values (19, 11);
insert into RecordAccess (recordID, advisorID) values (20, 13);
insert into RecordAccess (recordID, advisorID) values (47, 15);
insert into RecordAccess (recordID, advisorID) values (40, 22);
insert into RecordAccess (recordID, advisorID) values (13, 21);
insert into RecordAccess (recordID, advisorID) values (49, 27);
insert into RecordAccess (recordID, advisorID) values (36, 26);
insert into RecordAccess (recordID, advisorID) values (45, 17);
insert into RecordAccess (recordID, advisorID) values (19, 13);
insert into RecordAccess (recordID, advisorID) values (8, 13);
insert into RecordAccess (recordID, advisorID) values (58, 21);
insert into RecordAccess (recordID, advisorID) values (53, 10);
insert into RecordAccess (recordID, advisorID) values (57, 12);
insert into RecordAccess (recordID, advisorID) values (60, 12);
insert into RecordAccess (recordID, advisorID) values (50, 4);
insert into RecordAccess (recordID, advisorID) values (37, 20);
insert into RecordAccess (recordID, advisorID) values (42, 14);
insert into RecordAccess (recordID, advisorID) values (59, 29);
insert into RecordAccess (recordID, advisorID) values (18, 7);
insert into RecordAccess (recordID, advisorID) values (39, 9);
insert into RecordAccess (recordID, advisorID) values (46, 17);
insert into RecordAccess (recordID, advisorID) values (44, 14);
insert into RecordAccess (recordID, advisorID) values (23, 4);
insert into RecordAccess (recordID, advisorID) values (14, 7);
insert into RecordAccess (recordID, advisorID) values (14, 29);
insert into RecordAccess (recordID, advisorID) values (16, 1);
insert into RecordAccess (recordID, advisorID) values (29, 16);
insert into RecordAccess (recordID, advisorID) values (40, 24);
insert into RecordAccess (recordID, advisorID) values (47, 21);
insert into RecordAccess (recordID, advisorID) values (44, 10);
insert into RecordAccess (recordID, advisorID) values (45, 15);
insert into RecordAccess (recordID, advisorID) values (38, 12);
insert into RecordAccess (recordID, advisorID) values (30, 26);
insert into RecordAccess (recordID, advisorID) values (7, 1);
insert into RecordAccess (recordID, advisorID) values (16, 7);
insert into RecordAccess (recordID, advisorID) values (11, 29);
insert into RecordAccess (recordID, advisorID) values (25, 1);
insert into RecordAccess (recordID, advisorID) values (29, 22);
insert into RecordAccess (recordID, advisorID) values (21, 23);
insert into RecordAccess (recordID, advisorID) values (4, 11);
insert into RecordAccess (recordID, advisorID) values (12, 16);
insert into RecordAccess (recordID, advisorID) values (34, 7);
insert into RecordAccess (recordID, advisorID) values (48, 7);
insert into RecordAccess (recordID, advisorID) values (27, 13);
insert into RecordAccess (recordID, advisorID) values (8, 22);
insert into RecordAccess (recordID, advisorID) values (42, 30);
insert into RecordAccess (recordID, advisorID) values (34, 14);
insert into RecordAccess (recordID, advisorID) values (9, 26);
insert into RecordAccess (recordID, advisorID) values (26, 18);
insert into RecordAccess (recordID, advisorID) values (46, 6);
insert into RecordAccess (recordID, advisorID) values (57, 26);
insert into RecordAccess (recordID, advisorID) values (58, 15);
insert into RecordAccess (recordID, advisorID) values (4, 5);
insert into RecordAccess (recordID, advisorID) values (25, 25);
insert into RecordAccess (recordID, advisorID) values (59, 27);
insert into RecordAccess (recordID, advisorID) values (4, 13);
insert into RecordAccess (recordID, advisorID) values (25, 6);
insert into RecordAccess (recordID, advisorID) values (46, 18);
insert into RecordAccess (recordID, advisorID) values (51, 28);
insert into RecordAccess (recordID, advisorID) values (3, 26);
insert into RecordAccess (recordID, advisorID) values (33, 2);
insert into RecordAccess (recordID, advisorID) values (57, 25);
insert into RecordAccess (recordID, advisorID) values (34, 18);
insert into RecordAccess (recordID, advisorID) values (57, 13);
insert into RecordAccess (recordID, advisorID) values (35, 19);
insert into RecordAccess (recordID, advisorID) values (52, 28);